red1,red2,red3,red4,red5,red6,blue
04,10,17,19,28,32,01
13,19,25,26,27,32,08
02,03,15,21,22,33,16
07,08,16,17,19,24,07
01,11,24,25,27,30,07
02,06,07,11,14,31,03
06,07,16,22,24,25,13
01,06,12,16,19,21,04
02,09,10,11,16,29,02
01,06,07,18,23,24,15
red1,red2,red3,red4,red5,red6,blue
04,10,17,19,28,32,01
13,19,25,26,27,32,08
02,03,15,21,22,33,16
07,08,16,17,19,24,07
01,11,24,25,27,30,07
02,06,07,11,14,31,03
06,07,16,22,24,25,13
01,06,12,16,19,21,04
02,09,10,11,16,29,02
01,06,07,18,23,24,15
red1,red2,red3,red4,red5,red6,blue
04,10,17,19,28,32,01
13,19,25,26,27,32,08
02,03,15,21,22,33,16
07,08,16,17,19,24,07
01,11,24,25,27,30,07
02,06,07,11,14,31,03
06,07,16,22,24,25,13
01,06,12,16,19,21,04
02,09,10,11,16,29,02
01,06,07,18,23,24,15
red1,red2,red3,red4,red5,red6,blue
red1,red2,red3,red4,red5,red6,blue
red1,red2,red3,red4,red5,red6,blue
red1,red2,red3,red4,red5,red6,blue
red1,red2,red3,red4,red5,red6,blue
red1,red2,red3,red4,red5,red6,blue
red1,red2,red3,red4,red5,red6,blue
red1,red2,red3,red4,red5,red6,blue
red1,red2,red3,red4,red5,red6,blue,date
04,10,17,19,28,32,01,20047
13,19,25,26,27,32,08,20046
02,03,15,21,22,33,16,20045
07,08,16,17,19,24,07,20044
01,11,24,25,27,30,07,20043
02,06,07,11,14,31,03,20042
06,07,16,22,24,25,13,20041
01,06,12,16,19,21,04,20040
02,09,10,11,16,29,02,20039
01,06,07,18,23,24,15,20038
red1,red2,red3,red4,red5,red6,blue,date
04,10,17,19,28,32,01,20047
13,19,25,26,27,32,08,20046
02,03,15,21,22,33,16,20045
07,08,16,17,19,24,07,20044
01,11,24,25,27,30,07,20043
02,06,07,11,14,31,03,20042
06,07,16,22,24,25,13,20041
01,06,12,16,19,21,04,20040
02,09,10,11,16,29,02,20039
01,06,07,18,23,24,15,20038
01,04,11,13,17,24,15,20037
07,09,16,22,24,32,06,20036
10,14,24,25,28,33,11,20035
02,08,15,16,26,32,03,20034
07,10,12,21,31,32,01,20033
03,11,13,14,15,26,13,20032
02,05,09,15,16,27,09,20031
17,18,21,29,30,32,03,20030
01,12,18,20,30,32,05,20029
05,06,15,18,26,32,08,20028
12,13,14,24,25,28,06,20027
01,04,09,18,19,31,06,20026
01,09,10,15,20,29,02,20025
10,13,27,28,29,31,08,20024
04,05,20,21,30,33,08,20023
02,10,20,22,25,30,02,20022
02,06,14,16,27,31,07,20021
01,06,09,13,15,22,14,20020
15,19,27,28,30,33,03,20019
05,07,08,11,17,22,13,20018
02,04,07,15,20,27,04,20017
05,06,08,17,24,27,07,20016
08,09,22,24,30,33,01,20015
02,07,08,10,12,16,07,20014
02,08,10,20,21,30,14,20013
04,13,14,23,26,31,09,20012
04,05,07,17,18,29,01,20011
11,14,22,27,31,32,09,20010
03,06,08,14,19,26,12,20009
01,04,06,10,11,28,16,20008
05,12,17,20,25,31,10,20007
03,04,05,10,16,32,09,20006
11,16,17,22,26,32,04,20005
02,15,17,27,32,33,03,20004
09,17,26,29,30,32,03,20003
04,09,14,15,16,29,11,20002
02,15,23,26,29,30,02,20001
02,06,09,18,24,26,14,19151
02,09,14,22,27,29,02,19150
01,06,27,28,31,33,07,19149
09,10,13,20,26,27,08,19148
01,09,12,14,23,27,12,19147
01,04,10,12,30,32,14,19146
01,08,13,17,18,19,16,19145
02,12,15,19,27,30,03,19144
05,13,15,16,26,32,09,19143
08,14,24,27,29,33,09,19142
10,13,14,15,17,33,14,19141
02,04,09,11,14,22,05,19140
08,14,20,23,30,33,11,19139
02,06,12,30,31,32,11,19138
07,10,13,19,23,31,06,19137
12,14,15,17,29,33,12,19136
03,06,10,11,27,33,03,19135
01,04,06,22,29,30,03,19134
03,07,16,21,24,31,07,19133
04,06,11,14,19,33,07,19132
09,17,19,20,24,31,04,19131
01,07,09,11,24,32,16,19130
03,04,07,09,15,26,07,19129
03,08,12,16,17,19,08,19128
02,06,07,12,17,24,10,19127
02,14,17,29,32,33,16,19126
02,11,12,26,27,29,03,19125
04,09,30,31,32,33,01,19124
02,06,08,17,28,30,06,19123
04,10,15,19,21,23,02,19122
02,06,15,21,30,31,02,19121
10,12,27,31,32,33,03,19120
04,20,22,24,26,33,07,19119
12,14,15,25,28,31,04,19118
03,05,11,28,32,33,01,19117
01,08,09,13,16,33,01,19116
04,10,11,14,15,29,05,19115
02,04,09,11,12,30,01,19114
01,05,19,21,25,33,15,19113
03,12,14,17,23,27,01,19112
07,18,20,22,24,33,01,19111
01,18,22,26,27,28,08,19110
03,06,07,17,28,31,10,19109
07,13,19,22,25,32,13,19108
02,06,08,23,27,32,02,19107
02,14,22,27,30,33,14,19106
02,13,15,17,26,33,01,19105
01,05,16,17,18,24,10,19104
04,12,14,21,27,29,12,19103
03,08,12,16,20,32,12,19102
01,04,09,21,31,33,05,19101
01,04,12,13,30,32,08,19100
07,14,22,23,27,30,08,19099
03,11,12,14,17,26,09,19098
03,05,18,24,25,31,09,19097
05,07,12,18,27,32,11,19096
02,05,14,19,21,28,01,19095
05,10,12,18,19,27,06,19094
05,07,08,09,20,22,02,19093
09,17,27,28,32,33,08,19092
07,10,21,24,29,32,11,19091
02,03,06,08,14,22,04,19090
02,04,14,16,20,22,11,19089
13,14,15,21,23,29,13,19088
04,05,07,09,21,30,04,19087
16,22,24,26,28,31,06,19086
01,04,14,18,24,29,04,19085
04,08,14,18,20,27,03,19084
06,15,17,26,28,31,03,19083
07,16,19,22,24,28,02,19082
05,24,27,29,31,32,10,19081
03,06,08,20,24,32,07,19080
01,03,06,09,19,31,16,19079
01,17,27,29,31,33,12,19078
09,11,13,18,21,22,15,19077
12,15,19,20,29,32,14,19076
05,08,20,22,31,33,03,19075
12,21,27,29,31,33,04,19074
01,02,06,12,16,18,08,19073
02,09,13,15,22,30,15,19072
01,08,19,24,29,30,04,19071
06,15,18,19,24,32,09,19070
06,11,16,19,21,25,01,19069
03,14,20,24,26,33,10,19068
04,06,08,11,30,33,11,19067
01,14,17,20,22,32,04,19066
06,09,11,15,20,26,10,19065
12,20,24,25,30,33,12,19064
01,14,19,22,29,31,16,19063
07,13,16,23,26,30,01,19062
03,17,19,24,27,31,12,19061
03,04,14,20,23,27,01,19060
04,05,07,09,16,18,06,19059
07,08,12,21,23,27,12,19058
04,05,06,08,13,18,16,19057
13,14,17,19,21,29,01,19056
01,06,11,15,19,31,10,19055
07,10,11,15,24,26,11,19054
04,16,22,25,29,31,08,19053
03,06,09,13,16,19,16,19052
08,09,10,13,15,28,09,19051
04,06,10,11,21,23,02,19050
03,10,13,22,23,28,15,19049
03,07,10,12,18,29,10,19048
03,11,18,25,30,33,14,19047
02,12,16,22,25,32,06,19046
01,06,17,19,27,31,14,19045
06,14,16,17,23,29,07,19044
01,06,12,13,24,32,13,19043
15,17,19,22,25,26,04,19042
02,09,13,23,24,26,16,19041
05,06,09,18,23,31,11,19040
06,07,11,14,27,32,08,19039
09,12,21,27,29,30,05,19038
01,07,12,14,18,25,10,19037
02,10,13,16,23,32,08,19036
01,05,07,09,10,20,16,19035
09,11,15,22,24,26,03,19034
09,15,19,21,23,29,15,19033
04,08,09,13,28,33,04,19032
03,13,15,18,21,33,16,19031
04,05,07,10,12,22,16,19030
08,11,17,23,32,33,10,19029
04,19,22,26,29,30,11,19028
02,06,08,10,11,17,13,19027
03,13,15,19,20,27,14,19026
15,16,21,27,30,33,04,19025
01,08,23,25,28,29,10,19024
01,10,14,15,18,31,13,19023
03,07,11,21,30,33,07,19022
02,05,07,08,20,27,04,19021
02,12,13,23,27,28,12,19020
03,11,17,18,24,25,06,19019
04,11,18,19,26,32,04,19018
04,05,24,28,30,33,09,19017
05,07,09,11,19,25,05,19016
11,15,16,20,24,31,04,19015
01,02,03,14,19,33,03,19014
05,07,14,16,18,21,01,19013
07,10,21,23,31,33,14,19012
10,13,19,21,24,30,07,19011
02,04,05,08,11,30,02,19010
01,07,10,22,31,32,15,19009
02,06,09,13,28,32,12,19008
06,10,14,15,19,23,15,19007
01,05,10,19,26,28,12,19006
21,22,26,28,31,32,07,19005
08,12,16,19,26,32,03,19004
13,17,20,21,22,27,01,19003
04,05,06,08,09,18,11,19002
06,10,13,15,32,33,15,19001
01,07,17,23,25,31,11,18153
04,14,16,23,28,29,03,18152
05,15,19,25,26,29,15,18151
06,08,15,19,20,31,05,18150
01,07,08,10,12,24,01,18149
03,06,18,19,21,31,01,18148
03,15,17,23,27,30,11,18147
02,10,11,17,18,29,16,18146
03,09,13,22,23,25,06,18145
08,13,17,18,20,27,13,18144
04,06,15,28,32,33,14,18143
05,08,10,11,27,28,11,18142
11,14,16,18,24,33,04,18141
01,15,20,22,25,28,14,18140
11,18,20,23,31,32,15,18139
01,10,25,27,30,32,09,18138
03,05,11,15,20,23,09,18137
10,12,15,25,26,27,14,18136
01,03,06,10,11,29,16,18135
03,16,18,31,32,33,12,18134
02,04,11,12,18,32,13,18133
01,02,09,10,15,22,06,18132
21,22,24,31,32,33,01,18131
05,12,17,18,24,28,12,18130
02,04,06,16,18,19,16,18129
06,07,08,19,22,23,02,18128
02,05,06,07,11,15,12,18127
01,06,08,09,14,22,05,18126
03,10,11,14,15,32,02,18125
09,13,14,19,22,25,02,18124
13,21,24,27,31,32,01,18123
05,07,20,22,30,32,10,18122
06,08,14,19,23,25,11,18121
03,04,18,26,27,33,01,18120
03,13,14,16,25,27,12,18119
08,12,21,22,27,31,09,18118
08,11,15,17,23,25,05,18117
05,14,17,22,23,28,15,18116
01,13,19,24,26,29,11,18115
01,07,15,16,20,27,14,18114
01,06,09,16,25,26,09,18113
05,08,18,25,26,31,04,18112
01,07,14,24,25,28,08,18111
11,13,16,21,22,23,02,18110
10,11,18,23,31,33,15,18109
05,13,18,21,26,30,02,18108
01,02,05,12,20,22,01,18107
04,18,19,24,25,26,10,18106
04,05,13,18,19,25,01,18105
02,03,06,19,25,29,01,18104
02,09,15,22,23,24,16,18103
02,06,11,19,21,28,05,18102
01,03,14,26,29,33,09,18101
02,11,14,15,29,33,02,18100
03,07,08,14,25,32,06,18099
06,10,11,20,29,32,13,18098
01,02,17,20,25,28,13,18097
01,05,09,20,28,32,12,18096
10,11,12,21,26,33,09,18095
04,07,16,20,24,30,05,18094
04,18,20,21,29,33,07,18093
06,10,16,19,24,33,16,18092
06,11,13,17,25,32,07,18091
01,02,04,10,14,23,07,18090
06,09,12,14,18,27,14,18089
03,05,12,29,30,32,14,18088
01,05,10,16,18,31,03,18087
02,07,17,21,23,26,16,18086
04,10,25,26,30,33,06,18085
05,06,08,12,22,24,03,18084
04,09,18,21,32,33,03,18083
06,12,14,20,22,24,09,18082
01,02,12,16,20,26,03,18081
04,07,13,20,29,33,03,18080
14,15,17,22,24,29,13,18079
03,10,14,17,18,30,12,18078
02,05,09,15,20,24,10,18077
03,07,08,15,29,30,13,18076
07,09,12,13,22,24,11,18075
09,11,14,20,27,30,09,18074
02,09,14,15,16,23,10,18073
11,16,19,22,25,30,08,18072
02,05,06,13,16,19,03,18071
04,09,15,16,19,27,10,18070
06,13,17,19,23,31,12,18069
08,10,17,20,27,30,01,18068
01,04,09,12,15,18,05,18067
09,16,17,19,22,26,10,18066
01,04,06,14,28,33,01,18065
02,05,10,11,17,21,05,18064
05,06,10,16,20,25,12,18063
02,18,19,24,25,33,11,18062
09,10,11,12,18,23,07,18061
04,08,13,25,30,31,10,18060
04,06,08,13,22,32,11,18059
07,12,13,16,26,31,07,18058
05,15,17,19,20,30,13,18057
01,03,06,20,21,26,01,18056
07,09,10,12,22,26,07,18055
04,06,18,22,25,33,16,18054
01,04,10,11,14,27,06,18053
03,05,06,09,15,32,14,18052
05,07,20,23,27,31,04,18051
01,02,04,10,18,19,07,18050
01,03,04,11,19,23,02,18049
01,12,20,25,30,31,02,18048
06,07,12,16,22,25,07,18047
10,13,14,18,20,31,03,18046
03,04,06,25,26,30,01,18045
05,09,12,17,27,30,06,18044
01,04,06,08,21,24,07,18043
06,10,21,28,29,31,12,18042
07,08,20,23,24,32,13,18041
01,03,08,13,18,23,16,18040
08,12,18,19,23,32,03,18039
15,23,24,25,28,29,09,18038
01,06,07,08,27,30,10,18037
08,17,24,26,28,33,04,18036
07,10,11,17,23,28,15,18035
01,05,11,22,23,26,15,18034
04,19,20,22,28,33,06,18033
21,22,23,24,25,32,06,18032
02,16,18,19,27,30,14,18031
13,14,20,21,25,33,07,18030
01,02,09,14,22,25,05,18029
03,08,11,14,18,23,16,18028
02,07,09,14,18,28,05,18027
04,07,12,14,26,32,04,18026
04,13,16,19,21,25,14,18025
11,19,22,26,31,32,02,18024
12,15,16,21,26,29,16,18023
07,14,19,21,22,23,03,18022
03,04,06,11,23,28,14,18021
06,09,10,14,28,30,05,18020
03,11,12,16,21,23,09,18019
02,12,13,18,25,27,07,18018
03,06,11,26,30,32,12,18017
01,11,12,18,25,27,16,18016
11,15,20,21,26,33,15,18015
09,12,20,24,28,31,07,18014
06,08,13,15,22,33,06,18013
11,12,13,19,26,28,12,18012
03,10,21,23,27,33,11,18011
01,08,17,20,21,22,03,18010
05,10,17,23,26,32,07,18009
05,09,10,12,17,19,13,18008
13,14,20,25,27,31,12,18007
02,07,08,09,17,29,11,18006
02,20,21,28,31,33,06,18005
14,18,19,26,30,31,11,18004
01,14,16,17,20,31,04,18003
07,18,24,29,31,33,16,18002
01,08,11,26,28,31,04,18001
05,09,13,15,18,26,05,17154
07,11,12,13,18,19,16,17153
06,10,23,25,26,29,05,17152
02,05,07,09,11,27,16,17151
06,14,19,20,21,23,08,17150
05,08,15,20,27,30,13,17149
04,07,11,14,29,32,12,17148
03,07,20,21,25,31,14,17147
01,19,25,26,27,33,10,17146
02,06,12,17,25,28,12,17145
03,14,16,20,31,32,09,17144
04,06,09,14,20,29,14,17143
08,13,14,18,23,33,06,17142
01,06,07,11,13,15,05,17141
21,22,25,28,29,30,08,17140
02,14,20,24,28,32,16,17139
01,17,24,28,32,33,02,17138
05,10,20,23,26,31,03,17137
03,07,10,18,21,24,12,17136
01,06,07,14,18,26,16,17135
04,05,11,14,28,32,04,17134
06,15,17,18,23,30,11,17133
02,03,05,09,13,28,11,17132
01,07,10,11,26,27,11,17131
05,13,14,23,25,31,02,17130
05,06,09,14,21,33,02,17129
02,06,13,22,29,31,08,17128
14,15,21,24,27,32,12,17127
01,16,17,21,27,30,16,17126
01,14,23,25,29,30,03,17125
02,06,11,26,28,29,03,17124
04,05,06,11,21,31,10,17123
11,20,21,22,24,27,15,17122
11,18,19,22,24,32,07,17121
08,10,15,19,23,28,16,17120
09,16,21,25,26,31,14,17119
08,09,15,22,30,33,16,17118
01,02,08,11,14,21,09,17117
02,14,20,22,30,32,02,17116
04,10,11,25,30,31,01,17115
06,12,13,15,18,26,13,17114
04,06,16,27,29,33,05,17113
03,10,14,16,22,23,11,17112
05,10,17,19,29,32,12,17111
01,03,12,15,19,23,14,17110
08,14,16,18,21,23,16,17109
07,12,14,15,17,20,01,17108
08,09,15,17,30,32,06,17107
12,15,20,25,27,31,02,17106
03,06,07,12,25,26,07,17105
01,14,15,20,23,30,14,17104
01,21,23,25,31,33,01,17103
04,08,10,14,18,20,11,17102
01,04,11,28,31,32,16,17101
04,07,08,18,23,24,02,17100
02,05,06,16,28,29,04,17099
04,19,22,27,30,33,01,17098
05,10,18,19,30,31,03,17097
02,06,11,12,19,29,06,17096
09,10,12,19,22,29,16,17095
08,11,13,19,28,31,06,17094
07,08,09,15,22,27,12,17093
10,18,19,29,32,33,09,17092
05,07,10,23,28,29,03,17091
01,07,10,16,22,33,09,17090
11,12,13,16,23,25,12,17089
07,09,18,22,23,29,06,17088
03,06,13,14,19,28,06,17087
03,05,06,13,20,22,07,17086
01,05,06,16,25,30,09,17085
01,05,11,20,22,24,02,17084
03,08,14,20,24,26,12,17083
14,18,21,25,28,29,10,17082
03,05,14,25,26,30,05,17081
01,12,16,20,22,24,08,17080
03,07,14,23,25,27,08,17079
05,07,18,19,22,24,16,17078
01,02,04,15,17,22,14,17077
01,04,08,09,14,15,13,17076
01,03,06,19,21,29,07,17075
02,06,16,23,30,31,02,17074
03,06,16,23,26,30,14,17073
06,11,14,23,26,30,02,17072
02,03,06,14,31,32,03,17071
01,06,14,22,25,26,12,17070
02,11,12,23,29,31,05,17069
02,06,10,22,30,31,15,17068
01,03,04,10,18,29,04,17067
01,04,06,17,19,26,03,17066
02,05,08,10,12,21,07,17065
02,10,16,22,24,28,15,17064
12,16,20,22,25,31,04,17063
01,07,22,24,26,31,10,17062
06,07,12,20,26,27,11,17061
05,10,13,24,26,31,04,17060
04,08,09,15,19,25,09,17059
01,09,13,22,28,32,11,17058
18,20,22,23,30,31,16,17057
13,14,18,19,21,28,06,17056
07,12,13,20,24,31,05,17055
02,03,09,23,28,33,08,17054
04,09,11,15,29,31,06,17053
07,08,18,24,29,31,07,17052
02,05,09,15,24,25,11,17051
10,12,20,24,27,29,07,17050
01,08,14,15,20,29,10,17049
05,08,09,14,15,19,07,17048
02,05,08,10,32,33,02,17047
04,13,14,23,26,32,10,17046
05,07,16,20,21,25,05,17045
08,16,19,21,31,32,06,17044
08,13,16,23,27,31,08,17043
01,02,04,07,10,23,04,17042
04,10,13,15,22,27,04,17041
15,19,23,28,29,33,04,17040
02,04,12,14,17,24,15,17039
01,04,08,13,24,27,05,17038
11,15,20,22,25,30,05,17037
01,02,05,10,24,27,15,17036
01,06,14,24,28,32,12,17035
04,07,08,19,32,33,13,17034
05,07,15,20,23,30,15,17033
05,08,15,24,27,31,11,17032
06,10,16,26,27,29,03,17031
01,07,09,20,23,30,02,17030
02,15,21,23,25,30,10,17029
07,08,12,13,22,30,09,17028
02,04,11,14,27,30,05,17027
03,10,12,19,27,30,08,17026
02,15,16,17,22,32,07,17025
09,21,25,26,29,31,13,17024
01,03,04,11,18,22,14,17023
02,06,15,16,18,32,15,17022
02,05,10,22,32,33,09,17021
04,08,10,12,31,33,10,17020
04,06,08,12,23,25,08,17019
01,02,03,17,25,31,09,17018
03,07,08,10,22,23,12,17017
05,08,16,22,27,29,02,17016
01,08,09,14,17,32,01,17015
06,08,18,20,23,31,13,17014
08,11,28,29,31,33,06,17013
10,11,14,15,16,24,07,17012
10,11,12,23,26,29,16,17011
05,08,19,25,28,30,07,17010
02,06,08,09,15,29,14,17009
07,13,15,27,28,29,13,17008
02,04,05,24,26,33,15,17007
02,04,08,26,29,33,08,17006
06,11,12,22,23,30,05,17005
05,13,17,26,27,30,07,17004
01,04,08,15,27,32,16,17003
15,19,23,24,25,32,03,17002
,,,,,,,
07,09,16,24,25,29,06,16153
02,08,09,16,20,22,07,16152
06,11,16,20,22,33,07,16151
02,04,05,09,13,21,05,16150
03,20,23,26,32,33,07,16149
01,02,11,20,26,30,14,16148
04,14,18,28,31,32,12,16147
03,07,15,16,17,23,10,16146
01,03,07,12,19,20,06,16145
04,10,12,27,32,33,05,16144
06,09,23,24,25,33,13,16143
01,10,17,21,23,30,12,16142
04,13,15,17,21,24,15,16141
01,02,05,17,26,32,10,16140
01,06,19,26,28,30,03,16139
07,16,20,24,25,30,07,16138
01,06,09,10,15,32,14,16137
02,07,10,20,27,29,03,16136
02,08,10,18,20,33,12,16135
11,12,13,14,18,33,13,16134
15,16,21,22,27,33,15,16133
05,08,13,19,27,28,07,16132
04,10,18,19,25,27,02,16131
03,17,21,23,27,28,01,16130
05,06,08,21,31,33,14,16129
04,09,11,17,26,27,13,16128
07,12,17,26,29,31,16,16127
02,06,12,17,18,19,10,16126
01,06,08,20,27,30,03,16125
09,15,21,24,27,32,10,16124
07,09,12,14,20,27,16,16123
15,22,23,24,28,29,08,16122
02,03,10,23,25,28,09,16121
02,05,06,21,25,28,09,16120
09,19,21,30,31,32,04,16119
09,14,22,23,31,33,14,16118
03,10,14,17,28,33,02,16117
07,18,20,23,27,31,13,16116
06,08,20,22,26,27,09,16115
05,16,20,22,27,29,09,16114
01,11,16,17,20,26,14,16113
06,12,14,15,18,25,12,16112
02,04,07,14,15,32,04,16111
05,07,28,31,32,33,08,16110
09,11,15,16,27,33,05,16109
02,03,07,08,19,26,16,16108
06,11,18,26,27,32,01,16107
04,05,13,22,25,30,04,16106
08,10,19,27,28,31,16,16105
05,09,11,18,30,31,04,16104
01,05,13,19,24,27,11,16103
05,08,10,14,17,30,13,16102
01,03,19,24,32,33,01,16101
03,10,22,23,27,29,04,16100
01,11,21,23,27,33,06,16099
02,08,25,29,31,32,06,16098
06,13,25,26,28,31,01,16097
06,13,14,21,22,24,16,16096
01,05,09,12,18,32,12,16095
06,07,10,12,18,31,10,16094
06,09,15,17,25,27,09,16093
02,13,15,23,24,29,06,16092
04,08,14,22,23,28,07,16091
02,13,17,20,21,26,07,16090
01,03,14,30,31,32,08,16089
03,14,16,18,25,33,15,16088
02,03,10,11,14,21,12,16087
09,10,11,12,15,32,05,16086
01,12,19,20,21,25,16,16085
02,04,12,18,24,26,05,16084
09,16,17,24,30,31,04,16083
06,12,14,15,17,20,09,16082
02,06,15,25,30,32,07,16081
01,16,17,24,25,32,14,16080
01,03,10,12,24,28,02,16079
02,04,08,23,26,29,02,16078
01,09,17,19,20,29,10,16077
07,08,13,22,30,32,01,16076
01,03,06,16,29,32,07,16075
06,10,11,12,20,25,12,16074
09,11,12,15,16,20,13,16073
05,16,19,22,24,25,02,16072
19,21,26,28,29,32,01,16071
03,06,11,18,23,29,01,16070
08,10,11,20,21,27,11,16069
08,19,23,28,31,32,01,16068
09,13,18,20,27,31,04,16067
03,07,13,18,19,20,05,16066
13,16,22,25,26,27,14,16065
03,12,14,17,19,26,03,16064
16,17,18,23,28,32,07,16063
12,13,15,18,19,21,09,16062
05,06,08,18,20,32,08,16061
04,05,22,26,29,32,08,16060
04,11,12,20,25,28,15,16059
03,05,18,20,24,32,11,16058
07,12,19,22,23,26,11,16057
03,04,08,11,16,18,14,16056
05,06,10,16,22,26,11,16055
06,11,16,19,28,32,04,16054
02,08,10,12,29,31,01,16053
01,06,13,19,24,28,16,16052
01,02,04,09,15,33,12,16051
09,12,24,28,29,30,02,16050
06,08,13,14,22,27,10,16049
03,08,13,14,15,30,04,16048
02,05,08,15,17,22,16,16047
07,20,25,26,27,30,14,16046
04,09,12,17,30,32,03,16045
01,03,10,12,18,30,01,16044
05,14,20,26,30,33,12,16043
07,14,17,23,26,31,09,16042
12,17,18,21,22,24,04,16041
03,13,19,20,23,26,03,16040
01,03,07,18,19,27,16,16039
03,12,13,22,28,29,03,16038
06,15,26,31,32,33,16,16037
03,04,07,09,20,22,03,16036
04,13,19,20,26,29,11,16035
03,15,21,22,23,28,15,16034
06,17,18,20,27,29,15,16033
08,12,14,15,21,27,15,16032
03,08,10,19,26,33,03,16031
10,14,19,22,25,29,12,16030
12,15,18,20,21,27,15,16029
06,08,12,21,25,29,01,16028
11,13,15,17,19,31,05,16027
04,09,12,28,30,33,01,16026
04,11,12,17,24,30,12,16025
02,05,07,14,18,31,13,16024
03,06,10,19,25,29,07,16023
04,09,19,22,23,30,07,16022
09,11,13,22,24,26,05,16021
01,02,10,12,22,24,10,16020
06,13,16,17,23,30,10,16019
12,13,14,17,21,25,04,16018
05,06,08,20,22,30,05,16017
01,20,22,24,25,26,16,16016
01,02,14,22,25,26,07,16015
02,08,10,18,20,27,07,16014
07,12,21,22,26,31,01,16013
07,12,14,16,27,32,15,16012
03,08,10,15,22,29,12,16011
02,04,12,14,19,25,06,16010
10,14,24,25,27,32,04,16009
02,15,24,29,32,33,02,16008
05,12,14,20,27,29,06,16007
13,16,18,20,28,31,12,16006
11,14,18,20,31,33,14,16005
08,10,17,22,25,33,12,16004
01,10,14,23,26,28,01,16003
09,14,17,20,24,30,16,16002
06,13,16,18,20,22,13,16001
07,09,11,15,18,25,07,15154
08,11,15,22,27,29,03,15153
11,18,19,21,29,32,12,15152
05,06,08,23,31,32,11,15151
01,03,08,11,29,31,13,15150
09,10,20,21,22,33,09,15149
09,13,14,22,26,27,07,15148
08,09,16,23,24,30,05,15147
16,17,21,28,30,32,15,15146
07,08,15,19,20,24,13,15145
01,04,07,15,28,32,16,15144
13,15,19,20,21,32,04,15143
13,17,19,20,22,25,11,15142
03,08,19,25,27,28,02,15141
06,20,28,29,30,31,12,15140
01,10,13,18,25,27,09,15139
01,02,08,16,19,24,11,15138
14,22,23,27,28,31,12,15137
02,05,12,23,28,29,01,15136
01,12,14,18,26,32,07,15135
02,05,14,19,27,31,04,15134
02,03,13,20,22,24,15,15133
03,05,11,28,30,33,01,15132
10,12,13,19,22,26,03,15131
06,14,15,16,17,22,10,15130
05,08,11,16,18,27,04,15129
01,03,08,11,22,28,06,15128
07,10,19,22,27,33,06,15127
10,11,15,20,23,29,12,15126
05,13,22,27,30,33,10,15125
02,03,05,12,18,27,01,15124
05,08,09,12,22,28,07,15123
05,07,11,16,22,25,07,15122
01,03,20,21,28,29,12,15121
16,21,24,26,27,29,16,15120
02,08,10,18,23,31,08,15119
01,04,11,21,23,31,12,15118
04,11,12,18,26,32,12,15117
04,06,15,23,26,28,11,15116
01,07,08,14,24,32,03,15115
04,07,09,13,21,26,01,15114
01,05,07,08,19,27,12,15113
01,03,10,19,20,27,11,15112
08,14,16,18,20,30,12,15111
05,07,16,17,22,23,04,15110
01,08,09,16,32,33,13,15109
02,12,19,22,24,27,15,15108
07,14,16,18,21,25,08,15107
01,03,04,23,31,32,13,15106
09,10,16,19,20,26,12,15105
09,18,21,23,25,26,01,15104
06,08,13,26,30,32,14,15103
07,09,12,14,21,23,06,15102
08,16,22,24,28,29,05,15101
02,03,11,17,19,21,08,15100
06,07,10,11,14,22,09,15099
06,09,13,26,27,33,01,15098
09,12,14,20,26,27,04,15097
06,16,17,23,24,31,07,15096
04,15,21,28,30,31,04,15095
01,04,06,13,16,17,10,15094
01,03,13,21,25,31,08,15093
09,15,19,21,26,27,01,15092
05,07,17,19,22,31,11,15091
10,12,14,22,25,33,15,15090
12,14,19,27,28,29,01,15089
02,12,20,24,29,31,09,15088
09,15,16,19,20,28,11,15087
05,06,08,16,18,22,12,15086
02,08,25,27,28,29,05,15085
15,18,20,22,28,29,15,15084
06,07,16,18,29,32,05,15083
02,08,09,14,28,30,07,15082
13,20,22,26,28,31,13,15081
14,17,25,27,28,30,02,15080
09,14,15,20,26,32,11,15079
03,07,20,22,26,29,02,15078
01,06,08,10,13,27,16,15077
01,09,10,19,23,27,09,15076
06,11,13,19,21,32,04,15075
04,07,21,25,26,29,08,15074
01,02,17,22,26,27,04,15073
01,03,05,20,21,31,05,15072
08,18,20,28,29,31,08,15071
01,07,13,19,21,29,15,15070
01,13,17,18,23,30,15,15069
06,15,18,21,26,27,10,15068
02,05,08,24,25,31,14,15067
05,08,11,17,24,28,16,15066
08,10,14,19,26,29,12,15065
11,12,14,17,23,27,01,15064
01,07,09,16,22,32,12,15063
09,14,15,18,21,26,16,15062
06,18,22,26,32,33,04,15061
01,03,18,27,31,32,13,15060
02,06,09,16,25,32,14,15059
02,09,10,18,19,20,15,15058
09,20,24,25,26,32,04,15057
01,07,08,16,18,20,14,15056
01,10,15,18,19,28,02,15055
01,02,07,10,22,26,07,15054
03,07,17,22,32,33,10,15053
02,04,11,16,25,26,12,15052
04,10,24,26,28,32,09,15051
03,09,12,16,17,31,04,15050
07,12,14,17,20,23,05,15049
13,16,17,22,25,27,10,15048
02,03,20,24,26,27,09,15047
05,07,10,14,23,31,01,15046
01,05,13,22,30,31,07,15045
02,03,04,13,14,16,02,15044
11,12,15,24,26,27,15,15043
09,10,19,21,23,32,08,15042
04,09,11,17,21,25,06,15041
13,16,18,27,30,32,16,15040
01,13,15,26,29,30,12,15039
05,06,11,12,14,33,14,15038
05,07,12,18,28,31,03,15037
04,06,16,17,26,33,03,15036
01,08,09,22,24,33,03,15035
12,13,17,18,20,27,13,15034
03,06,21,29,31,32,05,15033
11,14,16,18,29,32,16,15032
01,05,07,22,26,32,11,15031
08,11,14,15,16,26,07,15030
07,14,15,19,21,28,07,15029
04,07,10,26,27,28,14,15028
05,07,09,16,26,29,07,15027
02,13,17,21,22,33,13,15026
10,11,12,15,27,32,14,15025
09,11,16,18,23,24,10,15024
08,09,10,13,29,30,01,15023
04,07,10,16,23,25,10,15022
14,15,16,17,27,28,08,15021
01,04,07,19,22,23,04,15020
02,06,11,19,25,26,04,15019
06,09,12,14,28,29,09,15018
13,18,20,25,27,33,12,15017
02,06,10,15,17,31,13,15016
01,07,20,24,25,33,04,15015
02,12,16,19,27,30,11,15014
08,09,24,25,26,29,01,15013
03,05,22,23,29,31,06,15012
04,14,15,17,18,20,15,15011
01,02,03,08,21,31,09,15010
04,07,14,17,21,25,14,15009
04,07,10,16,20,22,03,15008
01,07,09,17,20,33,08,15007
01,10,11,29,31,33,13,15006
07,10,16,17,18,32,15,15005
02,14,15,16,23,24,10,15004
10,15,20,23,24,31,15,15003
07,15,16,25,28,32,05,15002
01,07,09,16,20,23,06,15001
08,13,15,20,21,25,12,14152
04,05,08,11,21,27,08,14151
03,08,14,22,24,32,09,14150
07,09,10,15,19,33,01,14149
01,02,05,12,15,16,13,14148
06,07,22,26,31,32,10,14147
01,06,13,20,29,32,01,14146
10,12,13,23,26,29,11,14145
03,05,06,09,10,27,14,14144
03,12,18,20,25,26,16,14143
06,21,22,23,25,28,13,14142
08,09,11,16,21,24,10,14141
06,10,11,14,17,33,06,14140
01,14,15,20,25,29,11,14139
04,06,13,29,31,33,13,14138
03,06,09,11,25,29,09,14137
03,16,19,27,31,32,10,14136
02,04,11,13,25,33,01,14135
05,16,22,23,26,28,02,14134
13,14,16,23,30,31,13,14133
05,06,14,15,18,33,08,14132
05,17,21,22,28,32,14,14131
01,02,10,24,30,33,10,14130
05,08,09,20,28,32,02,14129
05,07,08,17,18,24,14,14128
02,10,12,21,23,27,12,14127
06,11,16,17,22,27,01,14126
10,11,15,26,31,32,06,14125
02,17,20,24,31,33,04,14124
01,06,11,17,28,33,05,14123
06,09,11,16,20,29,11,14122
01,02,13,22,28,30,09,14121
01,07,12,16,23,28,04,14120
06,13,17,20,26,29,09,14119
05,07,15,18,26,30,03,14118
05,10,17,25,28,29,04,14117
09,10,14,15,19,29,16,14116
01,09,10,11,13,32,03,14115
02,07,23,30,32,33,10,14114
12,14,28,31,32,33,07,14113
01,15,16,21,24,30,03,14112
02,08,17,20,22,28,02,14111
01,08,11,13,19,30,06,14110
02,05,11,15,19,28,02,14109
03,08,09,20,23,28,02,14108
11,14,17,22,25,27,16,14107
09,14,17,18,21,25,15,14106
14,16,17,19,27,32,04,14105
02,06,12,19,27,28,13,14104
03,08,09,10,18,33,04,14103
14,16,21,24,28,31,13,14102
16,18,20,23,24,32,07,14101
01,06,09,10,14,16,11,14100
01,05,10,11,13,32,14,14099
02,13,17,20,29,31,07,14098
07,13,24,25,27,32,15,14097
12,14,17,19,22,24,08,14096
05,06,08,14,22,31,08,14095
01,10,18,20,23,29,01,14094
02,08,09,10,20,29,05,14093
03,13,18,19,22,26,07,14092
01,05,12,19,27,29,14,14091
05,09,11,19,24,32,13,14090
04,06,14,17,27,30,09,14089
03,06,11,14,16,29,15,14088
06,18,22,23,32,33,06,14087
02,04,10,12,14,30,08,14086
01,02,11,19,23,29,08,14085
01,06,09,10,13,25,08,14084
05,06,19,21,23,33,12,14083
02,04,20,25,26,29,11,14082
08,14,22,24,27,29,10,14081
05,14,16,17,25,30,07,14080
02,07,16,22,27,28,02,14079
02,03,05,06,09,17,07,14078
08,09,12,15,19,22,10,14077
06,10,12,17,18,33,11,14076
03,09,11,22,27,29,06,14075
01,03,06,13,30,31,12,14074
01,12,16,20,30,33,02,14073
01,03,07,13,19,32,16,14072
02,04,12,17,22,25,14,14071
01,07,09,19,28,29,07,14070
05,12,17,19,25,30,11,14069
04,12,13,22,27,29,16,14068
01,06,07,17,18,23,06,14067
02,05,15,17,18,21,16,14066
03,04,05,08,10,22,06,14065
02,09,15,16,29,32,14,14064
03,08,17,21,22,31,16,14063
06,09,15,24,25,26,09,14062
02,14,17,27,28,31,08,14061
03,05,14,18,25,33,06,14060
05,08,12,13,23,25,13,14059
02,03,12,13,14,25,11,14058
02,04,12,18,23,31,08,14057
01,11,18,20,28,29,01,14056
02,09,14,19,21,30,04,14055
01,04,05,11,29,30,14,14054
14,17,19,22,26,31,02,14053
09,13,15,28,30,33,08,14052
10,16,19,21,23,24,13,14051
03,17,23,25,26,32,13,14050
06,07,16,17,23,32,06,14049
06,09,16,17,24,25,16,14048
08,10,11,12,19,29,15,14047
02,10,11,17,18,22,10,14046
02,04,09,11,19,22,15,14045
04,09,21,27,28,33,12,14044
02,05,09,14,24,33,09,14043
12,15,20,25,28,33,14,14042
07,11,16,18,21,22,02,14041
03,04,06,11,12,15,08,14040
03,11,15,19,20,31,07,14039
04,07,22,23,24,33,16,14038
06,13,14,24,25,30,07,14037
01,07,08,09,11,22,03,14036
07,08,09,17,32,33,06,14035
01,03,04,08,25,31,06,14034
05,13,23,28,32,33,12,14033
01,02,14,22,29,33,07,14032
04,10,16,17,21,27,14,14031
12,18,19,23,24,30,10,14030
02,07,14,16,21,29,14,14029
06,16,21,27,30,32,05,14028
08,10,14,16,30,31,01,14027
01,02,05,06,11,23,14,14026
01,05,10,14,16,30,16,14025
08,10,16,20,23,30,09,14024
07,09,13,17,21,22,10,14023
04,06,07,10,21,26,16,14022
08,10,15,17,22,29,12,14021
09,14,17,23,24,25,15,14020
02,10,15,19,20,21,07,14019
13,17,18,21,30,33,15,14018
04,06,07,14,25,26,10,14017
02,03,07,13,21,24,08,14016
02,11,19,30,32,33,09,14015
04,09,19,22,25,29,15,14014
05,09,13,15,17,21,13,14013
01,08,11,19,21,24,08,14012
09,10,13,14,21,32,02,14011
05,07,08,20,31,33,11,14010
08,09,19,20,25,32,16,14009
05,14,16,21,29,30,12,14008
08,10,12,14,18,28,14,14007
03,04,07,17,21,27,14,14006
15,18,23,27,32,33,04,14005
01,04,19,22,24,25,15,14004
06,10,11,28,30,33,12,14003
04,21,23,31,32,33,04,14002
03,09,15,20,27,29,01,14001
07,11,14,19,24,29,05,13154
08,11,13,18,28,33,10,13153
04,06,14,16,18,29,05,13152
03,09,10,19,28,33,09,13151
01,15,16,25,26,29,10,13150
09,18,25,26,30,32,11,13149
06,11,12,14,17,22,01,13148
02,15,16,17,19,30,08,13147
08,20,25,30,32,33,01,13146
06,10,13,16,23,24,15,13145
05,07,12,19,27,31,02,13144
12,18,21,22,27,32,11,13143
11,12,14,20,22,29,14,13142
03,04,05,25,30,31,04,13141
01,05,12,13,21,22,10,13140
07,08,11,13,21,27,08,13139
04,15,16,24,27,28,03,13138
04,17,19,23,24,27,10,13137
04,06,14,16,18,26,06,13136
09,23,24,25,29,31,12,13135
01,17,18,19,25,29,10,13134
04,07,12,19,22,25,01,13133
20,21,22,23,25,27,12,13132
04,06,12,17,19,26,09,13131
01,03,15,16,31,33,08,13130
05,06,10,14,27,31,14,13129
07,13,17,19,25,31,08,13128
02,03,13,20,22,33,14,13127
04,10,19,27,31,33,16,13126
04,06,08,18,25,28,16,13125
03,09,15,23,25,30,07,13124
01,02,06,11,17,25,02,13123
07,10,13,15,26,27,11,13122
04,05,06,07,25,27,07,13121
05,06,13,18,23,31,11,13120
05,15,20,22,26,32,09,13119
02,03,17,22,32,33,16,13118
09,12,13,24,27,33,16,13117
12,15,21,26,32,33,07,13116
03,12,16,17,18,27,08,13115
04,06,17,21,23,33,07,13114
04,07,11,17,24,33,09,13113
01,06,12,13,22,31,07,13112
01,02,03,06,08,33,13,13111
15,17,18,21,29,32,13,13110
09,23,24,27,29,32,08,13109
16,21,22,28,31,32,05,13108
07,09,11,17,28,31,11,13107
09,11,23,30,31,32,06,13106
01,11,23,27,31,32,09,13105
01,02,04,15,17,28,11,13104
02,04,09,13,18,20,07,13103
02,04,05,06,08,16,03,13102
05,07,09,23,27,32,01,13101
04,08,11,14,16,20,11,13100
05,11,20,21,26,31,03,13099
07,15,18,19,20,26,14,13098
05,14,17,22,23,25,07,13097
01,02,22,28,29,30,15,13096
01,06,15,19,28,29,10,13095
02,04,14,18,20,22,07,13094
01,02,08,26,29,31,14,13093
07,11,15,21,26,31,06,13092
04,14,24,25,28,31,10,13091
02,05,11,23,24,29,08,13090
04,08,12,19,21,25,13,13089
09,15,20,21,22,24,14,13088
02,13,19,23,24,28,05,13087
02,04,11,13,16,26,11,13086
02,08,12,14,16,32,16,13085
05,07,09,11,20,21,03,13084
05,06,12,14,19,23,09,13083
04,13,14,20,22,30,06,13082
01,04,10,13,21,31,13,13081
10,11,12,23,28,32,16,13080
07,13,17,19,22,26,13,13079
03,05,17,18,26,27,15,13078
09,14,23,24,26,29,03,13077
14,23,24,26,29,30,03,13076
04,06,09,25,30,33,14,13075
03,06,08,14,19,32,03,13074
02,09,13,17,20,28,11,13073
02,08,11,14,19,33,09,13072
05,12,21,23,26,28,09,13071
02,03,09,10,28,30,06,13070
07,16,17,18,30,33,06,13069
02,07,13,20,25,27,06,13068
01,04,09,15,22,30,06,13067
01,03,16,17,20,32,07,13066
07,18,19,23,29,30,02,13065
01,09,13,22,25,32,12,13064
10,15,18,20,23,31,12,13063
01,06,07,19,22,27,02,13062
05,06,07,12,13,18,12,13061
05,07,10,13,19,20,15,13060
03,10,18,24,27,29,09,13059
08,11,17,21,23,24,05,13058
13,16,19,23,26,28,05,13057
03,12,25,26,28,29,16,13056
08,18,19,22,27,32,06,13055
03,04,08,14,21,28,14,13054
03,12,13,22,30,33,14,13053
06,07,14,21,22,24,13,13052
08,12,15,19,28,29,02,13051
03,07,13,18,22,25,03,13050
10,13,14,16,21,32,14,13049
10,13,17,28,30,32,04,13048
01,08,11,17,27,30,12,13047
03,16,19,20,24,26,06,13046
06,07,08,14,23,31,12,13045
03,05,11,18,26,28,06,13044
03,06,14,15,17,25,16,13043
01,08,12,13,15,33,03,13042
02,10,12,17,23,24,05,13041
02,04,10,12,17,30,10,13040
01,02,14,15,24,29,06,13039
09,10,12,14,15,19,11,13038
02,15,18,27,28,32,14,13037
04,05,09,27,29,31,13,13036
01,14,15,17,26,30,02,13035
06,15,20,22,26,33,09,13034
05,06,13,17,19,28,01,13033
04,21,25,29,30,33,03,13032
03,13,14,15,21,33,03,13031
07,14,18,25,26,29,06,13030
06,07,10,19,23,29,12,13029
07,08,14,25,26,28,13,13028
01,02,04,12,21,24,12,13027
04,11,14,15,22,31,11,13026
16,17,18,24,25,30,08,13025
04,05,13,23,27,30,09,13024
03,06,15,18,30,32,05,13023
02,04,07,09,15,20,07,13022
01,06,17,19,26,31,11,13021
01,07,08,12,16,21,01,13020
01,02,05,16,20,26,06,13019
02,08,13,28,29,30,05,13018
04,06,12,30,31,32,09,13017
02,05,06,12,14,28,05,13016
05,06,07,11,13,18,15,13015
02,04,05,17,19,20,08,13014
05,06,13,19,22,28,09,13013
06,14,17,22,28,29,02,13012
03,12,17,24,27,29,09,13011
01,09,11,17,32,33,12,13010
01,04,09,13,16,23,02,13009
03,08,17,21,25,32,15,13008
02,09,15,22,26,32,01,13007
09,10,13,17,22,30,13,13006
01,13,14,25,31,32,12,13005
06,10,16,20,27,32,08,13004
22,23,26,27,28,33,09,13003
01,16,18,22,28,30,12,13002
06,08,14,15,24,25,06,13001
05,07,12,16,28,32,04,12154
04,05,11,21,27,28,10,12153
10,12,18,22,28,29,07,12152
05,14,24,25,26,32,01,12151
09,11,17,23,24,26,07,12150
01,05,13,25,26,32,13,12149
03,06,11,17,21,31,07,12148
02,12,15,23,24,32,09,12147
01,05,07,13,29,32,13,12146
05,20,26,27,28,33,03,12145
03,10,12,13,27,30,04,12144
07,08,18,25,30,32,06,12143
05,18,22,28,29,31,06,12142
03,05,08,19,20,27,09,12141
14,18,27,30,31,33,15,12140
08,19,21,24,28,31,15,12139
01,07,16,17,19,21,14,12138
01,02,04,06,13,17,07,12137
02,07,08,17,21,28,11,12136
02,05,07,08,11,17,16,12135
02,05,06,07,13,23,15,12134
01,08,11,20,21,29,02,12133
07,12,16,17,21,25,10,12132
06,18,19,26,28,32,12,12131
01,03,15,20,22,31,03,12130
01,07,09,17,21,29,01,12129
05,09,12,29,30,31,05,12128
01,09,11,21,26,32,08,12127
03,05,12,15,23,24,07,12126
08,12,13,26,29,33,01,12125
06,07,21,25,27,33,11,12124
08,10,16,25,28,33,09,12123
12,13,19,22,28,29,11,12122
01,07,08,20,23,24,11,12121
01,04,20,24,28,29,16,12120
12,20,25,26,27,28,13,12119
05,06,07,12,15,28,11,12118
13,15,18,20,24,28,09,12117
03,21,26,29,31,32,03,12116
03,08,20,24,26,32,14,12115
01,06,11,26,27,29,15,12114
03,06,09,13,18,32,06,12113
08,15,20,21,27,31,06,12112
02,09,10,20,22,31,13,12111
03,07,10,13,22,32,09,12110
02,12,24,26,29,31,03,12109
01,09,12,13,19,28,13,12108
11,12,15,24,25,31,09,12107
13,14,20,22,23,32,16,12106
06,13,14,15,17,30,04,12105
04,05,09,10,19,28,03,12104
04,09,11,14,32,33,02,12103
13,25,27,28,29,30,15,12102
09,12,17,18,20,33,02,12101
05,07,15,18,25,33,10,12100
08,12,15,16,21,27,16,12099
02,12,19,26,29,31,09,12098
05,08,13,14,19,22,06,12097
04,07,11,16,29,33,07,12096
17,24,27,28,29,30,02,12095
06,09,14,16,23,33,15,12094
03,05,19,21,24,33,13,12093
06,13,17,18,28,32,03,12092
01,05,07,08,19,21,16,12091
02,13,20,25,29,30,11,12090
03,07,10,13,14,25,11,12089
03,05,23,24,27,31,15,12088
03,10,11,13,14,22,09,12087
08,09,13,15,22,23,08,12086
05,17,24,30,31,33,05,12085
02,10,20,26,28,29,14,12084
04,09,14,15,26,33,04,12083
02,04,11,18,22,29,06,12082
02,05,10,24,25,29,06,12081
04,09,14,15,16,27,03,12080
06,07,12,24,30,33,12,12079
08,15,22,24,28,33,12,12078
02,04,13,18,26,28,12,12077
11,18,22,27,29,30,15,12076
04,06,22,23,29,32,11,12075
15,16,18,19,28,32,08,12074
04,07,09,10,17,27,05,12073
02,03,07,09,13,30,06,12072
03,04,19,21,22,23,08,12071
02,03,04,24,31,32,11,12070
08,10,11,18,20,29,06,12069
05,17,22,26,32,33,10,12068
04,05,10,21,26,30,16,12067
01,02,09,26,29,33,12,12066
08,10,18,19,27,31,14,12065
05,10,11,16,23,24,11,12064
02,10,17,19,24,27,12,12063
02,13,16,17,20,31,07,12062
03,08,11,12,14,18,14,12061
07,10,13,16,17,29,01,12060
04,13,21,22,26,31,01,12059
03,06,15,20,25,26,04,12058
03,05,19,21,27,31,04,12057
04,07,14,17,26,31,10,12056
04,06,13,20,24,28,01,12055
06,14,18,20,30,33,14,12054
04,15,22,25,27,33,04,12053
02,03,05,06,20,24,04,12052
02,12,14,17,30,31,09,12051
07,13,15,17,19,24,11,12050
04,12,13,19,20,32,02,12049
01,05,14,22,24,30,10,12048
06,07,11,16,32,33,11,12047
04,12,19,20,23,33,06,12046
08,11,20,21,27,30,09,12045
06,09,10,14,22,25,03,12044
02,09,11,21,26,33,03,12043
05,06,11,19,24,28,16,12042
08,11,15,20,24,32,02,12041
03,08,09,22,25,31,10,12040
01,02,05,13,22,29,08,12039
09,10,11,15,19,33,16,12038
05,14,19,24,28,33,09,12037
02,11,13,18,19,26,09,12036
09,11,12,21,24,26,05,12035
02,03,08,23,32,33,16,12034
02,03,15,16,17,27,04,12033
01,02,10,17,22,24,04,12032
04,16,22,24,27,31,03,12031
09,10,17,18,21,31,08,12030
04,07,15,25,26,28,03,12029
10,15,20,21,28,30,11,12028
04,16,22,25,30,31,12,12027
03,07,09,15,24,25,16,12026
03,08,09,17,25,27,06,12025
04,12,19,21,25,28,13,12024
05,09,15,23,24,33,02,12023
04,08,12,24,26,27,04,12022
01,15,16,18,22,30,03,12021
03,08,12,18,23,29,11,12020
07,14,18,20,22,30,16,12019
03,05,06,22,26,32,15,12018
06,09,14,19,25,28,10,12017
02,05,12,17,22,25,08,12016
01,03,06,10,21,23,15,12015
01,02,05,16,28,30,12,12014
06,08,24,29,30,32,13,12013
15,17,18,20,23,27,01,12012
04,14,15,16,20,26,05,12011
01,03,13,19,25,26,10,12010
04,16,24,26,27,33,11,12009
01,12,20,23,24,29,08,12008
10,17,19,27,28,32,04,12007
02,22,25,29,32,33,08,12006
07,09,18,27,31,33,06,12005
01,05,10,11,21,23,16,12004
03,06,08,24,29,31,09,12003
02,03,07,09,10,32,13,12002
01,04,05,09,15,17,06,12001
05,08,09,10,20,25,13,11153
04,10,11,12,21,26,13,11152
07,11,16,19,31,33,10,11151
08,10,12,15,22,27,13,11150
04,05,06,07,23,31,16,11149
05,14,22,23,25,26,14,11148
04,08,12,17,18,30,10,11147
11,23,26,28,32,33,10,11146
02,04,14,15,26,30,04,11145
01,02,09,10,16,24,03,11144
07,08,12,14,15,30,16,11143
12,15,16,26,29,31,02,11142
02,04,06,19,24,29,11,11141
04,18,20,22,27,29,06,11140
08,20,24,27,30,31,03,11139
01,05,15,24,28,32,07,11138
02,11,18,23,30,33,13,11137
02,04,06,20,22,31,07,11136
12,13,17,20,25,26,12,11135
01,02,06,07,30,31,10,11134
12,14,20,21,25,31,16,11133
02,05,12,13,25,33,07,11132
02,07,09,17,21,25,01,11131
07,14,18,23,25,32,15,11130
07,10,11,21,23,26,06,11129
09,11,14,17,19,23,12,11128
16,19,22,23,27,29,11,11127
03,07,13,18,23,26,16,11126
03,10,15,24,27,32,08,11125
09,18,19,26,31,32,16,11124
01,04,05,14,19,28,16,11123
10,12,18,26,27,31,03,11122
04,14,22,25,32,33,02,11121
04,14,17,28,30,33,07,11120
09,12,14,19,28,32,01,11119
05,06,11,14,20,21,10,11118
08,10,19,26,28,30,04,11117
01,07,11,12,17,27,05,11116
07,08,09,12,17,33,16,11115
01,14,15,16,30,32,09,11114
06,10,11,25,32,33,05,11113
03,05,16,18,23,24,15,11112
01,03,05,20,25,27,04,11111
12,14,21,26,28,33,12,11110
01,03,09,15,16,33,15,11109
02,17,22,26,29,33,10,11108
04,09,16,17,22,29,15,11107
02,11,12,14,24,32,14,11106
04,06,23,25,27,28,01,11105
09,10,16,20,25,29,09,11104
04,05,10,13,15,16,12,11103
01,05,13,21,27,31,11,11102
06,10,19,23,29,31,06,11101
07,11,21,23,31,32,05,11100
10,12,13,21,26,27,14,11099
03,07,20,21,22,32,05,11098
09,17,19,20,21,26,16,11097
01,04,07,13,14,19,15,11096
03,07,08,10,23,24,05,11095
09,11,12,17,18,19,05,11094
04,07,11,13,23,30,09,11093
05,10,17,26,31,32,04,11092
09,15,21,23,28,30,03,11091
02,05,14,18,21,25,16,11090
01,02,11,24,29,30,12,11089
03,09,17,20,21,29,04,11088
02,03,04,05,18,28,01,11087
06,07,09,12,17,24,09,11086
03,06,11,21,24,31,10,11085
09,10,12,16,18,32,15,11084
07,16,18,24,28,29,06,11083
07,16,17,20,25,26,04,11082
06,14,19,23,25,32,12,11081
02,07,09,25,31,32,09,11080
03,14,15,16,24,29,05,11079
03,05,13,20,22,29,09,11078
01,07,08,15,26,29,10,11077
06,19,21,26,32,33,13,11076
07,09,10,12,31,32,13,11075
02,21,26,28,29,32,01,11074
03,04,05,12,17,21,14,11073
01,06,10,11,18,27,12,11072
01,02,15,22,28,30,02,11071
01,03,05,12,21,28,12,11070
02,13,16,18,24,30,12,11069
03,07,10,15,19,24,10,11068
17,19,20,24,25,27,12,11067
04,06,14,17,30,32,12,11066
04,16,23,25,27,29,03,11065
03,06,07,29,30,33,02,11064
04,06,13,15,18,19,05,11063
04,08,09,10,29,30,03,11062
02,03,08,13,19,21,03,11061
10,11,13,21,27,31,01,11060
24,26,27,29,31,33,16,11059
07,18,22,30,32,33,06,11058
04,06,20,21,26,33,02,11057
13,16,19,20,23,25,10,11056
08,13,16,17,29,32,16,11055
08,11,16,17,22,33,08,11054
03,06,10,12,22,30,15,11053
04,05,08,19,27,28,08,11052
01,07,11,14,15,16,14,11051
04,05,19,22,28,29,15,11050
01,11,17,18,27,31,14,11049
10,14,18,25,26,27,15,11048
04,13,23,25,27,33,14,11047
09,17,18,26,29,30,08,11046
02,16,17,20,26,32,08,11045
03,14,16,26,27,31,09,11044
04,13,14,17,25,31,04,11043
05,13,15,17,19,21,15,11042
04,10,12,13,30,32,13,11041
05,11,14,24,26,28,13,11040
03,07,10,16,24,29,13,11039
02,14,15,19,23,24,12,11038
01,03,04,06,17,25,11,11037
02,11,20,22,24,31,05,11036
13,14,18,20,27,31,02,11035
13,14,17,19,24,31,08,11034
02,08,12,13,19,29,04,11033
03,05,07,13,14,15,15,11032
16,17,24,28,29,32,12,11031
02,09,19,24,25,33,10,11030
01,04,09,10,20,31,07,11029
01,04,05,14,16,17,01,11028
13,18,21,22,25,26,01,11027
07,08,17,19,21,26,12,11026
08,25,26,31,32,33,09,11025
05,07,10,19,26,31,14,11024
02,03,06,21,22,25,05,11023
02,07,14,16,17,21,05,11022
01,02,14,18,25,31,08,11021
12,16,17,19,24,30,05,11020
02,04,12,19,32,33,16,11019
13,15,18,28,30,33,01,11018
02,06,15,23,26,33,08,11017
03,04,16,17,22,29,13,11016
03,06,13,26,27,29,07,11015
05,07,10,11,23,26,16,11014
01,03,13,16,21,22,08,11013
07,08,11,13,15,26,13,11012
01,12,18,19,21,24,10,11011
01,04,05,09,15,19,13,11010
17,18,23,24,25,26,04,11009
10,12,13,17,24,31,15,11008
01,09,17,24,26,31,05,11007
01,03,05,13,16,18,05,11006
06,09,12,14,20,22,13,11005
04,06,08,10,13,26,05,11004
13,14,21,22,23,27,04,11003
06,08,12,17,28,33,05,11002
03,09,20,24,26,32,10,11001
03,06,12,19,30,31,13,10153
04,09,17,21,25,31,01,10152
02,13,14,17,19,26,14,10151
02,17,18,23,29,30,06,10150
02,07,08,16,25,30,09,10149
01,03,07,18,23,27,12,10148
02,08,15,18,24,30,03,10147
01,17,18,22,25,32,01,10146
03,21,24,27,28,31,08,10145
02,03,08,15,19,21,11,10144
09,16,18,26,30,31,14,10143
02,16,18,23,26,27,10,10142
02,03,07,18,23,27,06,10141
01,12,13,18,26,29,15,10140
11,13,18,20,26,31,09,10139
01,21,23,24,26,30,05,10138
07,09,10,13,19,33,06,10137
04,10,23,24,26,33,10,10136
04,10,13,25,26,30,10,10135
09,15,16,22,27,28,06,10134
03,09,17,21,26,32,01,10133
02,10,12,18,24,33,15,10132
05,06,15,16,19,26,06,10131
01,02,07,15,21,31,16,10130
04,08,14,25,28,32,16,10129
04,11,19,20,24,28,12,10128
01,04,08,17,25,33,01,10127
03,13,18,20,27,28,05,10126
06,07,13,23,28,29,09,10125
02,06,08,11,12,25,02,10124
06,12,15,18,29,32,10,10123
02,09,12,16,25,27,06,10122
08,11,13,18,25,30,15,10121
01,02,05,06,10,29,16,10120
07,17,25,27,30,31,09,10119
05,08,11,13,15,25,05,10118
01,08,20,22,24,28,01,10117
05,09,10,20,22,26,07,10116
01,22,24,25,29,33,15,10115
01,08,11,15,17,25,01,10114
05,10,15,18,20,28,10,10113
01,08,18,24,29,30,16,10112
04,07,08,13,17,18,10,10111
01,03,12,24,26,27,01,10110
04,15,18,25,29,32,15,10109
02,04,08,20,23,24,07,10108
08,12,15,17,22,33,16,10107
02,06,08,15,26,29,16,10106
01,08,09,19,21,31,11,10105
07,17,23,24,27,32,02,10104
06,09,14,17,20,33,09,10103
04,11,16,20,22,29,10,10102
04,09,18,21,25,26,06,10101
01,06,12,22,23,26,08,10100
03,04,17,24,27,30,06,10099
01,03,08,16,29,33,07,10098
10,16,18,21,24,26,01,10097
07,12,21,23,24,28,03,10096
09,11,16,17,25,27,14,10095
03,05,07,27,31,32,10,10094
09,10,19,28,32,33,06,10093
03,13,19,27,28,30,02,10092
06,13,16,20,22,24,16,10091
01,06,10,15,25,31,14,10090
07,08,09,16,23,26,01,10089
05,06,15,23,27,30,12,10088
01,08,16,17,25,30,10,10087
05,21,28,29,30,31,08,10086
01,08,12,13,24,27,08,10085
02,10,14,18,20,30,03,10084
02,20,21,22,23,31,12,10083
01,08,13,14,27,31,02,10082
02,03,09,24,26,27,05,10081
08,10,13,14,16,23,16,10080
08,11,12,14,18,22,02,10079
01,03,09,11,17,23,12,10078
02,08,14,20,21,24,09,10077
01,12,14,29,31,32,15,10076
05,09,12,13,15,22,14,10075
02,10,17,18,19,29,15,10074
01,16,20,23,27,31,02,10073
06,08,22,23,30,31,01,10072
05,13,14,17,20,26,01,10071
08,13,23,27,31,33,07,10070
12,14,20,22,24,32,11,10069
03,13,18,20,23,28,13,10068
01,07,10,14,21,25,01,10067
01,03,21,22,31,32,07,10066
02,07,08,17,30,32,12,10065
08,14,25,26,30,31,11,10064
02,06,10,17,23,24,03,10063
11,13,15,20,31,33,03,10062
02,04,16,19,22,26,12,10061
01,08,15,18,22,27,09,10060
01,09,11,12,18,30,10,10059
01,04,11,17,19,29,12,10058
05,11,12,19,25,32,05,10057
01,02,03,08,13,32,07,10056
02,03,13,19,20,23,08,10055
01,06,08,12,14,25,06,10054
03,22,24,27,28,30,14,10053
01,02,19,23,27,29,10,10052
04,17,23,27,28,32,03,10051
07,21,22,26,28,30,11,10050
01,06,10,26,27,28,02,10049
01,06,08,10,23,33,02,10048
03,10,13,20,21,32,15,10047
11,12,21,23,27,32,05,10046
02,03,04,13,20,29,01,10045
03,09,21,23,27,31,05,10044
04,10,19,22,28,33,04,10043
03,06,11,20,31,32,10,10042
03,05,13,19,25,29,12,10041
12,19,24,25,30,32,11,10040
08,17,21,23,25,32,12,10039
01,06,07,11,13,16,01,10038
03,16,19,21,24,26,06,10037
06,13,14,28,29,30,08,10036
09,10,11,18,19,21,10,10035
06,11,13,22,25,32,12,10034
08,10,11,12,25,29,09,10033
08,18,21,28,29,33,08,10032
05,07,13,24,25,28,04,10031
03,06,10,16,25,31,05,10030
01,05,14,16,17,22,03,10029
01,03,06,12,16,32,12,10028
03,04,15,25,26,30,13,10027
02,04,05,08,19,22,12,10026
04,05,07,10,13,25,11,10025
07,16,26,27,29,31,14,10024
02,09,11,22,24,27,11,10023
01,02,18,29,31,32,02,10022
02,09,16,17,19,25,04,10021
05,06,14,22,24,26,09,10020
02,10,22,24,26,27,06,10019
11,28,29,30,32,33,02,10018
01,03,06,11,12,23,11,10017
02,08,10,12,30,33,16,10016
01,04,16,21,23,28,06,10015
01,03,07,14,26,28,02,10014
01,02,03,16,18,23,12,10013
02,08,13,14,25,33,10,10012
07,08,14,22,24,30,07,10011
07,08,12,15,22,26,08,10010
01,09,13,21,24,32,06,10009
05,07,13,15,18,30,14,10008
14,22,27,28,30,33,14,10007
03,05,07,13,14,18,05,10006
03,05,06,08,17,18,14,10005
01,12,13,16,23,28,07,10004
14,22,26,27,28,31,04,10003
03,06,07,23,30,33,13,10002
07,17,18,27,29,32,13,10001
01,07,12,14,18,25,16,09154
06,07,08,20,21,25,10,09153
03,04,19,21,27,28,05,09152
06,08,10,16,25,30,14,09151
04,06,07,16,19,20,04,09150
01,03,16,18,22,29,04,09149
06,12,15,22,29,32,10,09148
06,08,10,18,22,32,16,09147
03,09,16,20,22,33,15,09146
03,05,11,15,26,33,11,09145
01,05,10,17,18,29,12,09144
05,09,11,17,23,28,10,09143
07,11,15,19,20,24,13,09142
02,13,21,28,29,31,09,09141
04,05,11,18,22,33,12,09140
01,05,15,17,27,29,02,09139
04,07,14,26,32,33,14,09138
08,12,14,15,17,21,01,09137
01,04,14,22,30,33,01,09136
01,03,14,19,30,33,16,09135
03,05,12,15,28,33,06,09134
05,09,13,18,20,32,01,09133
04,14,15,21,23,30,07,09132
16,23,25,26,32,33,05,09131
02,03,07,12,13,30,11,09130
06,07,16,17,24,25,07,09129
05,08,15,16,26,32,01,09128
02,11,12,14,15,16,04,09127
03,05,06,10,19,23,15,09126
06,07,08,22,26,27,12,09125
03,04,22,23,28,30,10,09124
09,13,20,22,25,28,14,09123
07,14,16,27,29,32,01,09122
02,04,06,10,25,30,09,09121
01,02,08,12,16,30,16,09120
06,07,10,12,15,21,05,09119
12,16,25,26,27,31,05,09118
05,09,15,21,26,31,13,09117
05,17,21,25,27,32,14,09116
02,09,13,15,19,24,03,09115
03,05,11,12,31,32,11,09114
04,12,20,25,28,29,16,09113
06,07,18,24,30,32,09,09112
02,04,07,14,15,25,15,09111
04,10,13,15,19,30,14,09110
05,06,07,14,25,28,01,09109
04,10,17,28,32,33,02,09108
07,08,20,23,28,29,05,09107
01,02,15,18,20,29,04,09106
02,08,10,16,27,30,15,09105
20,22,26,29,30,32,16,09104
06,11,17,20,23,24,09,09103
03,05,07,08,14,31,10,09102
01,02,05,10,19,24,14,09101
02,11,17,27,30,33,11,09100
08,09,18,20,25,29,09,09099
03,14,15,20,23,30,02,09098
07,13,24,26,28,32,14,09097
01,26,27,31,32,33,03,09096
08,09,14,28,31,33,15,09095
03,16,22,25,26,33,14,09094
01,11,20,31,32,33,01,09093
02,06,07,14,18,31,08,09092
03,08,11,14,25,29,04,09091
07,09,14,20,23,30,14,09090
02,03,07,11,19,32,04,09089
04,07,11,15,16,17,02,09088
06,11,13,20,28,32,06,09087
11,12,13,18,23,32,11,09086
04,08,12,17,20,30,03,09085
04,09,11,20,32,33,13,09084
02,08,12,18,24,28,04,09083
11,15,18,21,27,29,02,09082
04,05,06,25,29,30,03,09081
01,11,13,25,32,33,06,09080
02,09,16,21,30,31,13,09079
05,07,12,14,15,20,13,09078
01,09,14,16,28,32,16,09077
09,18,19,25,28,31,06,09076
01,13,15,17,20,30,05,09075
05,10,16,19,23,28,13,09074
09,16,17,18,22,27,14,09073
01,03,12,20,21,29,04,09072
04,05,23,26,31,32,06,09071
01,02,09,10,21,31,10,09070
03,05,12,18,21,23,02,09069
06,11,18,20,25,30,05,09068
04,10,16,23,28,30,05,09067
02,15,19,24,31,32,04,09066
08,12,20,22,30,33,02,09065
01,02,14,23,28,29,15,09064
02,05,11,26,30,32,16,09063
10,19,20,21,23,32,10,09062
10,11,13,16,19,30,03,09061
07,13,17,26,32,33,04,09060
03,07,13,23,27,30,11,09059
05,08,10,15,23,26,09,09058
05,07,10,14,17,25,11,09057
04,09,10,18,29,32,08,09056
03,04,18,22,24,29,11,09055
16,17,23,26,31,32,11,09054
07,12,18,19,22,28,04,09053
09,11,15,19,21,30,08,09052
06,10,13,16,21,23,07,09051
13,21,24,29,30,32,04,09050
09,12,14,20,30,31,06,09049
03,07,11,15,17,31,01,09048
06,08,11,15,21,22,16,09047
16,20,21,26,29,30,09,09046
03,04,06,23,30,32,01,09045
11,14,16,18,26,30,01,09044
04,09,10,15,18,26,07,09043
08,16,22,23,27,30,11,09042
01,08,23,26,28,33,08,09041
04,07,10,20,26,30,12,09040
05,12,14,15,21,27,03,09039
12,13,15,23,28,32,05,09038
02,06,15,18,20,31,03,09037
06,09,18,23,32,33,07,09036
06,15,21,26,29,31,05,09035
09,12,18,21,22,26,07,09034
07,08,13,14,29,30,06,09033
09,11,12,19,27,32,06,09032
01,02,03,15,30,33,01,09031
08,14,24,26,28,32,07,09030
12,13,15,22,23,29,13,09029
03,06,12,15,23,26,10,09028
02,07,11,16,27,32,06,09027
11,15,17,18,20,30,16,09026
10,20,22,23,26,33,11,09025
01,03,17,23,30,33,12,09024
01,06,07,15,24,30,08,09023
05,08,09,10,11,18,08,09022
01,04,05,17,24,27,09,09021
03,05,07,10,19,23,13,09020
06,17,19,20,26,27,04,09019
02,05,06,19,27,30,15,09018
06,14,15,19,25,26,08,09017
02,07,13,16,20,33,03,09016
02,04,06,15,17,32,05,09015
03,06,09,14,15,18,02,09014
04,08,09,21,26,27,09,09013
05,11,14,17,18,28,01,09012
02,04,13,14,18,23,15,09011
03,10,17,19,20,24,02,09010
08,15,21,30,31,33,02,09009
04,15,16,22,32,33,02,09008
01,05,12,23,25,26,15,09007
06,12,18,20,26,33,02,09006
01,03,08,15,17,21,13,09005
03,11,13,17,28,31,03,09004
02,03,06,15,25,30,02,09003
10,14,17,25,29,33,14,09002
04,21,23,24,30,31,04,09001
02,05,07,21,22,26,08,08154
01,04,18,21,24,30,16,08153
01,04,06,22,26,30,08,08152
06,08,10,14,17,19,06,08151
04,19,22,24,29,32,02,08150
10,14,22,28,29,33,02,08149
03,05,09,22,26,28,09,08148
07,08,14,22,26,33,02,08147
07,08,17,19,31,32,10,08146
07,13,18,22,26,29,02,08145
02,05,10,27,29,33,15,08144
12,17,18,19,26,27,06,08143
05,06,10,13,17,28,15,08142
03,13,20,25,29,33,15,08141
07,14,16,29,30,31,14,08140
08,09,19,23,25,26,07,08139
07,14,19,23,25,32,04,08138
01,04,24,28,29,33,09,08137
05,09,10,12,18,28,02,08136
05,14,15,16,19,21,15,08135
10,15,19,20,28,32,02,08134
08,11,16,19,24,26,11,08133
09,13,16,25,27,33,08,08132
02,12,15,18,22,32,08,08131
01,12,18,28,30,32,06,08130
01,03,18,24,25,32,15,08129
01,05,19,20,27,33,05,08128
05,08,19,22,27,30,13,08127
04,11,12,14,20,30,13,08126
10,11,12,15,26,29,09,08125
01,07,10,13,21,22,03,08124
10,11,15,16,25,29,02,08123
02,08,11,14,19,26,15,08122
02,22,23,27,31,32,06,08121
10,11,22,24,26,33,02,08120
05,07,09,15,24,29,07,08119
04,09,16,27,31,33,01,08118
03,05,07,10,14,33,07,08117
03,07,21,22,24,29,14,08116
02,12,13,14,17,18,06,08115
04,09,20,24,25,31,14,08114
06,09,10,12,17,22,09,08113
05,13,14,19,22,23,06,08112
17,18,21,25,31,32,06,08111
10,16,22,23,29,31,02,08110
04,07,09,16,21,28,10,08109
09,10,15,17,23,30,12,08108
06,13,18,22,27,32,04,08107
14,19,25,27,29,30,15,08106
05,17,19,27,28,32,02,08105
03,06,08,17,24,31,01,08104
01,12,16,18,22,33,04,08103
03,07,12,21,25,32,05,08102
09,17,21,26,28,30,04,08101
08,14,17,21,27,28,14,08100
10,15,16,22,23,24,07,08099
06,07,10,11,15,30,01,08098
03,06,08,09,16,17,13,08097
06,08,12,24,27,31,14,08096
03,08,14,21,28,29,03,08095
01,04,15,16,23,28,14,08094
04,10,12,16,26,28,07,08093
01,03,18,27,28,30,05,08092
03,12,14,23,31,32,10,08091
02,07,14,18,19,24,01,08090
03,06,11,16,22,27,11,08089
01,06,08,16,17,23,05,08088
01,07,26,29,30,31,06,08087
04,05,10,26,27,30,12,08086
01,04,12,20,24,29,15,08085
04,07,13,20,29,30,16,08084
07,08,09,18,29,32,09,08083
04,08,10,12,21,26,09,08082
02,12,13,18,25,31,04,08081
04,14,22,25,29,32,14,08080
03,04,05,10,20,32,09,08079
06,13,16,26,30,33,01,08078
04,12,22,26,30,33,09,08077
02,05,07,11,13,18,11,08076
01,08,14,18,22,30,03,08075
01,11,15,19,20,24,09,08074
01,09,13,22,28,33,08,08073
01,05,10,18,22,30,09,08072
01,06,21,26,27,28,09,08071
05,06,12,15,18,33,13,08070
05,08,17,20,26,30,10,08069
05,07,17,23,27,29,07,08068
10,11,15,19,26,33,13,08067
07,12,21,22,29,30,08,08066
05,13,15,19,30,31,05,08065
01,02,07,09,12,18,12,08064
05,09,11,14,16,17,15,08063
06,08,13,17,24,27,15,08062
01,02,05,12,26,31,06,08061
06,07,08,17,30,32,03,08060
02,06,15,29,31,32,16,08059
01,12,21,27,29,31,11,08058
19,20,21,26,28,30,08,08057
08,13,22,23,25,30,07,08056
11,16,19,23,26,31,04,08055
02,06,16,17,20,25,07,08054
06,12,19,20,21,27,04,08053
02,10,17,23,29,31,10,08052
01,04,08,10,13,33,11,08051
01,11,19,24,26,27,03,08050
03,10,12,13,19,25,04,08049
11,18,21,27,30,32,01,08048
09,12,13,14,20,22,10,08047
15,16,18,24,28,33,15,08046
01,10,13,21,29,32,04,08045
05,07,09,20,26,29,09,08044
03,10,16,22,27,33,14,08043
03,04,09,11,12,24,01,08042
08,11,20,22,23,27,04,08041
06,13,22,25,27,28,09,08040
01,07,10,13,22,29,01,08039
03,09,10,11,15,19,13,08038
01,12,22,24,28,31,06,08037
02,06,13,18,23,28,16,08036
07,11,14,17,18,29,16,08035
03,05,09,11,21,29,09,08034
12,17,18,30,31,33,04,08033
05,14,16,21,23,28,13,08032
03,06,11,15,21,31,13,08031
06,15,18,19,20,28,11,08030
01,09,14,22,29,32,12,08029
01,13,21,26,29,32,10,08028
15,18,19,23,24,26,13,08027
05,17,19,27,29,32,03,08026
08,16,17,18,19,21,14,08025
11,20,21,26,28,30,13,08024
08,16,18,25,26,32,02,08023
12,18,20,24,28,32,05,08022
09,12,19,20,26,28,15,08021
03,10,13,15,28,30,03,08020
02,09,11,17,27,31,05,08019
02,05,06,23,26,33,13,08018
02,05,07,17,20,22,02,08017
03,12,14,21,29,33,13,08016
06,08,11,16,29,33,03,08015
03,09,11,17,21,31,14,08014
02,08,15,16,22,28,10,08013
03,04,05,16,20,30,13,08012
02,14,17,21,30,32,03,08011
03,08,11,17,21,27,09,08010
09,21,29,30,31,32,16,08009
02,15,16,23,26,27,07,08008
01,13,17,22,23,30,11,08007
01,14,16,18,22,27,14,08006
03,05,15,22,24,25,15,08005
04,08,22,23,27,29,08,08004
06,08,11,13,17,19,12,08003
03,04,18,22,25,29,09,08002
02,04,07,09,14,29,03,08001
01,04,19,20,25,31,15,07153
11,17,21,29,30,33,08,07152
01,06,10,11,23,25,02,07151
03,05,11,13,19,24,05,07150
01,17,19,22,28,30,03,07149
03,09,16,17,23,28,07,07148
03,07,18,24,26,27,04,07147
04,18,22,24,26,30,09,07146
08,09,11,12,25,31,11,07145
08,14,23,25,28,32,16,07144
01,06,22,23,24,26,04,07143
11,20,25,26,27,30,08,07142
02,03,04,06,17,31,08,07141
01,05,16,21,22,26,11,07140
06,10,12,14,16,22,06,07139
02,03,15,17,19,25,16,07138
03,07,08,18,20,22,03,07137
01,02,18,21,25,29,14,07136
01,11,16,26,31,33,16,07135
01,04,10,13,18,25,15,07134
03,06,07,11,13,33,10,07133
01,09,16,21,22,23,05,07132
03,05,07,16,22,27,05,07131
03,05,09,11,27,31,04,07130
05,07,20,21,22,30,08,07129
09,10,19,21,27,31,05,07128
06,09,13,16,24,28,11,07127
09,10,19,23,26,31,09,07126
03,05,18,20,27,33,01,07125
03,07,13,16,19,32,16,07124
01,13,15,23,28,32,02,07123
04,07,19,24,26,32,09,07122
03,10,21,22,27,28,06,07121
06,07,11,12,18,25,01,07120
03,08,11,13,25,31,12,07119
04,10,16,18,25,32,15,07118
03,07,09,10,26,32,01,07117
03,05,07,11,17,27,13,07116
01,05,10,16,20,26,02,07115
05,12,15,24,27,33,05,07114
04,18,23,25,26,31,10,07113
07,11,14,16,25,32,11,07112
02,09,10,12,13,17,11,07111
02,04,07,15,24,28,03,07110
01,04,07,08,13,14,04,07109
03,07,12,13,20,33,02,07108
02,08,09,18,24,28,10,07107
12,18,21,24,25,29,08,07106
02,07,10,17,23,29,14,07105
02,08,12,14,20,32,04,07104
07,09,25,27,30,32,01,07103
04,06,08,18,20,33,11,07102
15,16,18,21,22,30,14,07101
08,18,27,29,30,32,06,07100
03,04,14,27,31,33,05,07099
02,03,05,11,19,20,12,07098
04,08,13,18,26,30,11,07097
09,10,20,22,30,32,08,07096
01,06,08,18,29,32,07,07095
03,05,18,19,24,32,02,07094
05,10,13,15,19,29,02,07093
14,18,22,23,24,33,09,07092
02,11,17,30,31,32,07,07091
05,11,13,27,30,31,02,07090
03,07,08,15,19,28,03,07089
02,04,10,28,29,33,06,07088
01,03,04,05,08,21,09,07087
05,08,14,22,27,29,16,07086
02,12,17,19,29,30,12,07085
06,10,12,14,20,27,10,07084
11,14,18,20,21,26,05,07083
05,15,17,18,25,32,15,07082
09,14,15,19,24,33,13,07081
01,08,16,18,19,29,04,07080
03,04,14,20,21,25,14,07079
04,06,07,23,25,32,01,07078
06,08,14,21,28,29,02,07077
06,12,15,16,20,31,02,07076
13,16,17,22,30,32,03,07075
08,13,15,25,27,28,03,07074
05,09,11,19,28,31,02,07073
02,04,08,13,14,33,16,07072
01,06,14,21,30,31,09,07071
06,08,15,17,18,30,12,07070
03,04,11,12,14,32,12,07069
11,18,19,22,23,28,01,07068
06,11,13,17,21,23,11,07067
05,11,16,24,32,33,08,07066
04,07,19,21,25,31,07,07065
02,06,09,16,21,23,16,07064
10,15,17,24,26,28,12,07063
08,17,20,29,30,33,09,07062
01,06,07,11,20,23,05,07061
01,02,08,16,19,29,05,07060
01,03,04,06,07,29,14,07059
07,08,10,13,25,27,07,07058
05,11,18,19,20,21,09,07057
14,17,21,29,31,32,12,07056
02,06,11,22,28,29,02,07055
01,03,16,18,23,28,05,07054
10,13,16,17,18,27,11,07053
02,03,07,08,26,29,07,07052
03,14,16,26,27,33,13,07051
01,05,08,13,18,25,02,07050
04,14,18,19,31,33,02,07049
02,11,12,15,17,28,12,07048
02,04,16,18,23,30,06,07047
02,06,07,09,19,26,14,07046
01,12,18,21,28,30,10,07045
09,13,20,21,24,32,08,07044
03,08,10,11,14,30,05,07043
03,13,16,19,32,33,08,07042
01,03,09,11,26,31,12,07041
13,14,15,19,24,30,10,07040
06,07,19,24,27,29,01,07039
03,11,14,19,21,30,05,07038
10,11,16,23,31,33,16,07037
03,14,21,23,30,31,10,07036
01,04,08,12,29,31,06,07035
02,09,12,14,23,25,16,07034
03,04,11,17,18,28,09,07033
04,08,16,24,30,32,16,07032
04,06,10,12,19,31,01,07031
03,16,21,22,27,30,04,07030
06,08,09,11,19,21,10,07029
03,08,13,20,29,30,11,07028
02,03,09,22,24,27,11,07027
01,04,14,16,26,29,10,07026
03,16,18,22,23,26,03,07025
08,09,17,25,27,32,06,07024
03,07,13,17,32,33,02,07023
02,04,07,10,18,27,10,07022
03,06,09,11,25,31,13,07021
05,10,16,20,28,31,14,07020
04,11,16,23,29,31,14,07019
01,12,18,20,21,26,11,07018
05,09,10,24,25,32,14,07017
01,18,20,22,26,33,05,07016
03,04,08,18,22,30,15,07015
01,13,16,20,24,26,09,07014
05,15,18,27,29,32,05,07013
03,05,07,21,26,28,04,07012
03,10,15,25,28,33,16,07011
03,08,14,17,30,32,05,07010
02,04,14,15,25,27,15,07009
01,04,05,18,19,25,10,07008
04,12,15,17,22,32,14,07007
06,10,14,22,26,27,11,07006
01,05,06,16,24,30,12,07005
03,07,10,13,25,33,10,07004
05,09,11,12,22,27,15,07003
05,06,14,20,21,22,01,07002
02,04,09,10,20,26,14,07001
07,14,18,20,30,33,13,06154
01,07,11,20,30,33,10,06153
01,14,20,25,27,31,15,06152
01,03,04,06,16,22,08,06151
08,09,12,18,25,27,12,06150
02,03,05,11,15,32,15,06149
04,08,12,13,23,29,01,06148
01,04,15,17,27,31,01,06147
03,09,13,23,28,30,05,06146
02,07,23,26,28,31,07,06145
04,10,13,16,22,29,06,06144
01,15,20,29,31,32,08,06143
10,16,19,22,26,27,16,06142
16,18,22,23,25,31,11,06141
01,08,11,18,19,23,05,06140
07,08,14,21,23,25,05,06139
04,09,11,17,18,26,08,06138
10,14,17,21,27,31,09,06137
11,15,17,21,22,24,05,06136
04,19,21,22,23,31,04,06135
10,13,18,26,28,30,12,06134
04,06,20,25,29,31,03,06133
06,14,22,26,30,33,01,06132
03,04,09,22,26,33,01,06131
01,12,21,22,30,32,02,06130
09,14,18,22,27,29,12,06129
04,15,21,30,31,33,05,06128
03,04,11,17,19,30,01,06127
02,08,13,16,24,33,09,06126
15,19,23,30,32,33,06,06125
12,13,14,18,31,32,13,06124
02,03,20,25,28,32,06,06123
04,05,06,08,22,24,03,06122
03,04,06,27,31,33,06,06121
06,08,14,15,24,33,09,06120
01,02,14,20,27,30,02,06119
01,03,07,08,10,30,05,06118
06,14,20,22,23,26,09,06117
05,16,21,22,32,33,09,06116
01,10,20,26,28,29,15,06115
08,10,14,20,27,29,16,06114
05,14,17,18,28,33,02,06113
04,09,13,15,31,33,11,06112
01,08,11,16,17,22,15,06111
09,12,14,18,27,33,13,06110
01,05,17,18,23,26,13,06109
02,06,08,20,24,30,09,06108
01,06,08,13,17,30,07,06107
02,12,14,19,28,33,10,06106
05,12,14,15,20,31,01,06105
03,07,22,27,28,31,11,06104
12,14,15,25,28,31,06,06103
01,04,13,19,20,24,11,06102
09,12,20,26,27,28,16,06101
01,11,18,26,30,32,03,06100
09,12,18,23,24,27,05,06099
06,07,10,11,18,23,16,06098
11,14,15,20,26,27,12,06097
01,05,09,13,18,33,14,06096
01,03,17,20,21,29,16,06095
15,16,17,18,24,33,13,06094
02,12,16,18,19,23,05,06093
02,08,11,16,20,21,14,06092
07,08,12,21,22,24,07,06091
02,11,15,20,23,29,11,06090
01,13,16,18,19,22,01,06089
03,11,20,24,25,26,01,06088
04,05,08,09,12,30,05,06087
04,06,10,24,26,31,06,06086
02,06,18,21,24,25,08,06085
01,12,17,21,25,28,12,06084
07,09,18,19,26,29,10,06083
03,13,15,23,28,29,09,06082
14,16,18,21,22,32,04,06081
15,17,20,22,26,29,09,06080
06,11,13,17,20,32,08,06079
03,05,17,22,31,33,12,06078
08,09,12,13,19,33,09,06077
04,10,17,21,29,32,14,06076
10,21,22,23,25,33,11,06075
01,03,15,19,25,33,04,06074
05,13,16,18,27,29,12,06073
02,03,05,20,21,24,08,06072
05,11,12,19,29,31,01,06071
02,03,11,13,20,27,02,06070
05,16,20,22,29,30,08,06069
03,07,10,14,30,33,10,06068
07,08,11,16,17,24,13,06067
06,08,11,18,30,33,05,06066
04,08,17,28,29,30,13,06065
03,12,14,21,24,28,11,06064
04,05,15,21,23,24,08,06063
18,22,23,24,26,30,01,06062
05,13,17,19,25,30,11,06061
05,15,19,23,30,32,14,06060
05,10,15,17,27,29,11,06059
01,12,22,23,24,25,14,06058
03,04,17,18,21,31,08,06057
11,13,15,21,23,25,08,06056
04,05,28,29,31,33,11,06055
03,05,07,10,28,30,04,06054
01,11,17,27,28,31,02,06053
11,24,26,27,30,32,03,06052
02,06,07,17,27,30,16,06051
02,06,12,15,25,31,07,06050
06,10,12,13,17,20,03,06049
09,13,19,25,29,32,12,06048
02,17,20,22,28,32,03,06047
13,18,23,29,31,32,08,06046
06,07,10,14,20,21,04,06045
02,10,18,21,30,31,05,06044
05,12,13,16,23,32,03,06043
03,16,23,26,28,31,11,06042
03,10,16,18,21,28,04,06041
15,22,25,26,28,33,03,06040
16,19,22,28,31,32,03,06039
02,14,17,19,22,30,10,06038
02,12,23,24,25,32,14,06037
04,07,10,16,17,21,09,06036
03,09,13,21,27,29,13,06035
02,10,15,16,17,33,13,06034
15,20,22,23,27,31,06,06033
05,18,20,24,26,31,09,06032
03,10,12,16,31,32,14,06031
08,13,15,17,20,32,14,06030
03,04,07,09,14,19,08,06029
05,07,14,16,17,27,04,06028
06,08,11,14,16,27,15,06027
01,02,18,22,29,32,03,06026
03,04,17,19,24,32,05,06025
02,07,09,11,21,27,06,06024
04,13,14,19,23,28,08,06023
02,03,04,13,16,27,13,06022
01,02,05,20,21,22,09,06021
05,09,21,23,26,29,06,06020
04,06,13,22,26,32,07,06019
01,13,14,17,24,26,05,06018
03,04,08,31,32,33,02,06017
01,07,13,17,23,30,16,06016
02,03,09,15,29,32,03,06015
06,14,26,29,32,33,07,06014
01,05,06,12,16,21,11,06013
09,11,13,27,31,33,10,06012
05,07,08,14,27,31,11,06011
04,06,12,19,27,29,08,06010
05,06,08,20,26,30,06,06009
03,05,09,18,28,32,16,06008
04,16,18,27,32,33,07,06007
08,21,22,23,26,32,14,06006
03,19,20,24,26,27,11,06005
04,08,17,27,28,31,07,06004
02,04,05,06,16,20,12,06003
07,13,16,21,26,28,09,06002
01,12,15,19,21,28,03,06001
04,05,07,21,26,29,01,05153
01,05,12,14,21,27,03,05152
04,11,12,13,19,30,05,05151
03,07,10,14,18,20,02,05150
11,16,21,23,25,32,07,05149
03,15,17,23,24,29,13,05148
06,07,15,27,28,30,10,05147
07,11,19,20,24,28,02,05146
03,07,08,17,20,28,15,05145
01,08,14,15,19,27,09,05144
03,10,15,17,20,32,08,05143
07,10,12,17,22,29,05,05142
03,05,08,12,16,19,15,05141
04,06,07,08,12,17,07,05140
02,07,20,23,32,33,10,05139
03,05,06,11,20,22,13,05138
03,09,15,23,25,33,12,05137
05,14,16,18,25,27,13,05136
01,05,13,15,21,25,11,05135
04,13,14,18,26,30,01,05134
01,07,14,16,18,25,11,05133
02,04,10,18,27,29,15,05132
02,07,10,11,12,24,03,05131
03,05,09,15,20,25,16,05130
05,10,14,20,27,33,03,05129
02,04,14,23,29,33,15,05128
04,06,11,14,23,25,12,05127
02,08,13,19,25,26,09,05126
06,14,18,28,31,32,03,05125
05,06,10,19,31,33,11,05124
11,12,13,17,18,25,07,05123
01,04,07,14,30,32,09,05122
01,07,20,25,31,32,12,05121
01,06,13,18,30,32,14,05120
01,07,11,18,20,22,02,05119
04,09,12,15,26,31,16,05118
06,17,22,27,28,32,03,05117
04,06,08,14,15,30,10,05116
03,12,18,23,30,33,02,05115
06,07,10,15,21,27,06,05114
15,18,20,22,26,27,03,05113
04,12,22,28,29,30,16,05112
03,07,15,16,19,29,09,05111
07,10,16,19,24,25,09,05110
03,05,13,15,17,31,04,05109
03,10,12,24,29,30,06,05108
09,10,20,24,25,26,11,05107
01,11,13,24,26,31,13,05106
04,15,23,30,32,33,03,05105
02,04,21,23,30,33,09,05104
04,07,16,18,23,30,07,05103
02,05,06,14,24,31,12,05102
09,16,19,21,22,24,12,05101
02,04,09,14,16,31,03,05100
10,13,16,22,24,31,09,05099
12,15,19,22,31,33,01,05098
05,10,23,27,28,30,15,05097
04,05,17,18,26,33,04,05096
09,12,18,21,28,29,05,05095
03,05,09,23,27,33,03,05094
04,06,17,23,25,29,14,05093
08,13,19,26,28,31,10,05092
01,11,12,15,26,27,13,05091
01,09,21,25,29,32,03,05090
05,19,20,23,26,31,12,05089
01,03,07,18,20,24,07,05088
08,09,15,16,23,26,08,05087
07,11,12,24,27,29,12,05086
08,09,13,14,20,22,12,05085
01,02,07,15,19,20,03,05084
03,05,09,14,16,30,13,05083
01,07,11,14,19,20,12,05082
02,04,10,12,26,30,03,05081
01,12,14,26,27,32,16,05080
03,09,20,24,25,28,05,05079
03,11,15,20,26,32,11,05078
08,17,22,24,32,33,16,05077
04,09,11,22,25,28,13,05076
11,13,14,16,18,31,14,05075
06,09,18,20,26,29,09,05074
01,06,08,09,18,20,01,05073
06,10,19,20,24,33,11,05072
04,08,12,14,16,22,10,05071
03,04,08,14,16,26,04,05070
07,09,21,24,31,33,12,05069
01,08,10,13,25,33,13,05068
03,12,16,20,21,26,16,05067
02,04,10,11,25,28,05,05066
12,16,17,21,22,23,16,05065
10,18,23,27,30,32,08,05064
02,11,13,18,22,30,04,05063
02,07,11,12,20,23,07,05062
05,09,14,21,23,24,01,05061
09,12,21,25,31,33,13,05060
07,11,14,18,24,29,07,05059
04,06,10,21,25,26,10,05058
05,06,10,15,30,31,13,05057
12,17,19,27,29,31,09,05056
05,20,22,30,32,33,09,05055
05,13,17,18,21,29,14,05054
04,07,10,14,27,29,09,05053
01,02,14,17,30,32,01,05052
03,06,14,19,20,21,02,05051
02,09,12,20,26,32,13,05050
02,03,08,10,25,27,12,05049
06,07,08,10,16,28,02,05048
02,03,05,07,08,27,15,05047
09,16,18,20,22,24,05,05046
01,07,10,15,18,20,10,05045
01,06,16,17,18,22,09,05044
04,05,06,07,08,32,05,05043
11,16,21,26,27,30,15,05042
02,11,16,23,24,29,03,05041
01,12,21,24,30,32,13,05040
02,16,18,19,21,29,09,05039
04,07,11,20,27,28,16,05038
07,12,14,22,24,32,16,05037
12,19,20,21,26,31,15,05036
12,16,21,28,29,30,14,05035
05,17,18,25,28,32,09,05034
07,08,12,14,19,20,07,05033
05,15,19,20,25,29,03,05032
04,10,16,20,23,32,07,05031
01,05,09,14,22,28,05,05030
02,14,21,22,27,30,14,05029
04,09,22,25,26,32,10,05028
01,03,04,06,21,32,15,05027
06,12,14,20,25,26,07,05026
01,07,10,11,13,32,07,05025
05,09,14,27,31,32,13,05024
10,15,19,20,21,25,12,05023
08,10,12,21,32,33,04,05022
02,06,24,26,30,31,16,05021
14,16,19,20,25,29,05,05020
06,11,12,13,19,22,08,05019
01,03,06,22,23,25,06,05018
02,06,10,25,27,31,03,05017
01,05,06,12,16,30,15,05016
04,08,09,16,17,29,15,05015
13,19,21,23,30,32,05,05014
07,08,16,19,20,24,06,05013
02,03,06,16,22,31,05,05012
09,11,13,15,22,30,15,05011
08,10,11,18,25,26,01,05010
02,17,22,27,29,31,14,05009
11,19,22,27,32,33,11,05008
07,15,17,20,23,33,15,05007
02,04,05,15,21,31,16,05006
05,09,20,26,28,33,15,05005
01,04,08,09,22,23,03,05004
09,12,15,19,22,31,16,05003
06,09,20,26,28,33,14,05002
01,07,08,23,27,28,14,05001
03,11,14,22,24,31,15,04122
07,13,16,18,30,32,10,04121
07,08,18,21,27,32,10,04120
06,09,18,20,25,33,06,04119
03,04,07,12,30,31,15,04118
01,03,07,14,24,25,07,04117
01,03,05,08,14,33,03,04116
02,16,20,30,31,33,01,04115
01,06,09,17,21,22,01,04114
08,10,23,25,31,32,07,04113
09,13,15,21,26,33,06,04112
11,16,18,20,26,31,02,04111
14,19,20,21,22,31,11,04110
06,08,10,17,30,31,14,04109
08,13,14,27,28,31,12,04108
01,08,12,13,18,20,07,04107
10,15,23,26,28,29,12,04106
07,09,10,21,23,30,12,04105
07,11,17,18,24,29,05,04104
02,03,05,09,16,21,02,04103
03,09,12,15,28,32,01,04102
02,09,14,19,25,26,15,04101
06,08,09,14,24,33,15,04100
05,10,21,22,26,33,02,04099
03,12,13,25,26,31,03,04098
10,19,20,26,29,31,14,04097
01,04,12,16,20,30,15,04096
19,22,27,28,30,32,01,04095
05,09,10,13,24,25,08,04094
11,14,20,27,32,33,05,04093
01,04,08,13,28,31,02,04092
09,13,14,21,30,33,01,04091
01,18,20,24,32,33,12,04090
14,17,20,25,28,30,14,04089
02,10,19,22,24,32,14,04088
01,03,07,08,25,26,14,04087
10,13,18,19,25,27,01,04086
03,08,11,29,30,32,01,04085
01,04,08,11,21,25,14,04084
14,16,27,28,30,33,06,04083
03,20,24,27,29,30,15,04082
03,05,21,24,27,32,06,04081
03,08,20,23,24,26,16,04080
07,13,14,17,19,30,03,04079
04,05,10,21,24,26,05,04078
08,09,10,14,16,26,07,04077
03,05,13,17,25,31,07,04076
07,18,21,26,27,28,07,04075
05,06,15,19,26,29,13,04074
02,07,13,16,23,28,16,04073
08,15,18,28,30,33,14,04072
03,08,16,17,21,29,06,04071
10,12,21,22,30,33,06,04070
02,11,15,20,22,29,05,04069
02,08,11,13,24,31,15,04068
01,06,07,13,16,32,04,04067
05,13,20,23,24,25,03,04066
13,14,27,29,32,33,08,04065
14,15,18,20,27,31,04,04064
07,10,13,16,27,28,07,04063
01,12,25,27,28,29,13,04062
13,16,19,20,23,33,09,04061
03,05,11,24,27,28,15,04060
04,07,11,19,23,26,10,04059
01,08,11,12,27,31,12,04058
05,21,23,25,28,32,04,04057
01,20,21,25,29,30,02,04056
06,08,19,25,29,32,07,04055
09,11,14,16,27,28,11,04054
02,03,04,09,24,25,02,04053
01,12,14,15,17,29,09,04052
02,03,09,10,15,29,11,04051
06,07,19,21,25,29,02,04050
11,12,14,16,25,29,09,04049
08,09,11,16,17,29,09,04048
01,07,08,11,27,31,06,04047
07,15,16,22,23,32,14,04046
01,12,18,26,27,28,13,04045
02,06,07,12,31,32,05,04044
04,09,10,21,22,24,10,04043
06,10,13,17,18,21,02,04042
08,10,17,22,25,29,14,04041
07,17,19,20,21,29,11,04040
10,16,18,25,26,29,03,04039
11,16,17,25,28,29,07,04038
03,04,11,17,20,26,05,04037
02,13,17,18,26,30,01,04036
02,08,26,27,30,32,16,04035
02,07,13,20,27,30,14,04034
01,04,08,09,19,20,01,04033
02,05,08,11,15,31,13,04032
03,06,19,20,21,24,11,04031
01,07,09,17,26,31,05,04030
09,13,20,22,24,32,05,04029
01,02,03,05,10,22,12,04028
01,05,09,10,18,32,11,04027
04,10,14,18,28,32,15,04026
07,08,10,24,29,33,04,04025
01,13,21,23,25,32,06,04024
01,08,14,17,19,30,03,04023
03,10,14,19,20,30,06,04022
05,09,11,17,26,27,10,04021
01,02,09,22,28,31,04,04020
05,10,11,23,24,32,04,04019
02,05,06,08,28,30,06,04018
05,12,14,15,25,31,09,04017
04,07,08,28,30,32,05,04016
01,03,05,18,22,23,13,04015
03,07,11,17,20,26,12,04014
12,14,21,29,30,32,13,04013
01,07,27,30,31,33,08,04012
01,04,13,23,28,30,03,04011
06,07,08,13,14,19,15,04010
01,09,10,16,22,24,11,04009
01,07,10,22,32,33,13,04008
04,12,17,20,25,28,09,04007
04,12,18,20,23,32,06,04006
09,11,13,16,17,18,07,04005
10,19,22,23,25,29,09,04004
03,05,06,17,26,33,08,04003
10,12,18,22,30,31,11,04002
01,02,03,07,10,25,07,04001
18,19,21,26,27,33,16,03089
03,10,21,22,24,33,12,03088
02,03,04,05,24,28,13,03087
05,12,16,18,26,30,13,03086
01,04,11,12,19,27,14,03085
02,06,07,10,17,33,03,03084
01,03,14,18,26,28,01,03083
07,17,18,19,30,31,14,03082
01,02,14,26,29,30,07,03081
09,20,24,25,28,30,10,03080
12,15,22,23,26,31,04,03079
07,12,23,26,29,30,11,03078
04,12,16,22,24,25,06,03077
01,13,16,18,20,29,02,03076
16,17,19,22,31,33,11,03075
02,12,19,22,27,32,01,03074
02,12,14,21,23,30,13,03073
03,06,08,11,19,27,11,03072
09,11,12,14,15,33,11,03071
01,02,04,17,18,19,08,03070
07,11,16,19,26,28,11,03069
09,19,25,27,32,33,11,03068
05,11,12,13,27,31,10,03067
03,07,08,20,24,32,14,03066
06,15,16,17,30,33,11,03065
04,06,08,12,15,30,01,03064
05,08,09,14,21,33,11,03063
01,06,12,19,20,32,14,03062
03,05,20,21,28,32,02,03061
02,04,06,17,21,28,11,03060
02,03,05,06,18,30,04,03059
09,11,16,28,32,33,02,03058
18,19,24,25,30,31,16,03057
08,17,21,26,28,29,07,03056
06,13,16,21,28,31,16,03055
02,05,09,21,31,33,12,03054
15,19,20,21,28,29,13,03053
01,12,13,23,30,31,11,03052
04,13,15,17,24,27,01,03051
02,08,17,23,24,26,13,03050
03,06,07,13,24,25,15,03049
10,12,20,28,30,31,09,03048
03,17,26,28,32,33,16,03047
07,08,10,11,17,26,11,03046
03,07,14,15,17,32,03,03045
02,05,09,16,32,33,15,03044
02,08,10,19,20,32,13,03043
03,05,07,10,15,20,07,03042
02,03,17,18,24,25,11,03041
04,05,06,12,14,23,16,03040
03,05,23,24,27,32,03,03039
05,07,08,24,25,27,16,03038
09,14,17,18,26,32,07,03037
07,21,24,25,27,28,15,03036
03,04,05,08,10,11,08,03035
08,13,14,16,23,25,14,03034
01,07,14,20,27,30,10,03033
04,11,25,27,29,30,13,03032
11,17,20,22,28,32,01,03031
02,06,13,14,23,27,07,03030
02,07,15,26,29,32,10,03029
06,13,16,20,28,32,07,03028
01,11,14,17,27,28,15,03027
08,13,15,26,29,31,16,03026
01,05,11,13,14,27,12,03025
02,07,15,17,22,30,14,03024
01,10,20,22,26,31,02,03023
02,07,11,12,14,32,08,03022
14,15,18,25,26,30,01,03021
07,10,25,26,27,32,04,03020
04,08,12,13,16,33,09,03019
05,16,19,20,25,28,13,03018
05,08,18,23,25,31,06,03017
11,17,28,30,31,33,06,03016
04,11,19,25,26,32,13,03015
03,05,07,08,21,31,02,03014
08,13,17,21,23,32,12,03013
02,12,16,17,27,30,12,03012
04,05,11,12,30,32,15,03011
01,02,08,13,17,24,13,03010
05,09,18,20,22,30,09,03009
05,08,09,14,17,23,08,03008
01,09,19,21,23,26,07,03007
01,03,10,21,26,27,06,03006
04,06,15,17,30,31,16,03005
04,06,07,10,13,25,03,03004
01,07,10,23,28,32,16,03003
04,09,19,20,21,26,12,03002
10,11,12,13,26,28,11,03001
